1.0,0.0,0.0,0.0,1.0,0.0,0.0,0.0,1.0,0.1992,0.0,0.7535,0.0
1.0,0.0,0.0,0.0,1.0,0.0,0.0,0.0,1.0,0.1992,0.0,0.7535,0.0
1.0,0.0,0.0,0.0,1.0,0.0,0.0,0.0,1.0,0.1992,0.0,0.7535,0.0
1.0,0.0,0.0,0.0,1.0,0.0,0.0,0.0,1.0,0.1992,0.0,0.7535,0.0
1.0,0.0,0.0,0.0,1.0,0.0,0.0,0.0,1.0,0.1992,0.0,0.7535000000000001,0.0
1.0,0.0,0.0,0.0,1.0,0.0,0.0,0.0,1.0,0.1992,0.0,0.7535,0.0
1.0,0.0,0.0,0.0,1.0,0.0,0.0,0.0,1.0,0.1992,0.0,0.7535,0.0
1.0,0.0,0.0,0.0,1.0,0.0,0.0,0.0,1.0,0.19919999999999996,0.0,0.7535,0.0
1.0,0.0,0.0,0.0,1.0,0.0,0.0,0.0,1.0,0.1992,0.0,0.7535,0.0
1.0,0.0,0.0,0.0,1.0,0.0,0.0,0.0,1.0,0.1992,0.0,0.7535,0.0
1.0,0.0,0.0,0.0,1.0,0.0,0.0,0.0,1.0,0.1992,0.0,0.7535,0.0
1.0,0.0,0.0,0.0,1.0,0.0,0.0,0.0,1.0,0.1992,0.0,0.7535,0.0
1.0,0.0,0.0,0.0,1.0,0.0,0.0,0.0,1.0,0.1992,0.0,0.7535000000000001,0.0
1.0,0.0,0.0,0.0,1.0,0.0,0.0,0.0,1.0,0.1992,0.0,0.7535,0.0
1.0,0.0,0.0,0.0,1.0,0.0,0.0,0.0,1.0,0.1992,0.0,0.7535,0.0
1.0,0.0,0.0,0.0,1.0,0.0,0.0,0.0,1.0,0.1992,0.0,0.7535,0.0
1.0,0.0,0.0,0.0,1.0,0.0,0.0,0.0,1.0,0.1992,0.0,0.7535000000000001,0.0
1.0,0.0,0.0,0.0,1.0,0.0,0.0,0.0,1.0,0.1992,0.0,0.7535,0.0
1.0,0.0,0.0,0.0,1.0,0.0,0.0,0.0,1.0,0.1992,0.0,0.7535000000000001,0.0
1.0,0.0,0.0,0.0,1.0,0.0,0.0,0.0,1.0,0.19919999999999996,0.0,0.7534999999999998,0.0
1.0,0.0,0.0,0.0,1.0,0.0,0.0,0.0,1.0,0.1992,0.0,0.7535,0.0
1.0,0.0,0.0,0.0,1.0,0.0,0.0,0.0,1.0,0.1992,0.0,0.7535,0.0
1.0,0.0,0.0,0.0,1.0,0.0,0.0,0.0,1.0,0.1992,0.0,0.7535,0.0
1.0,0.0,0.0,0.0,1.0,0.0,0.0,0.0,1.0,0.1992,0.0,0.7535,0.0
1.0,0.0,0.0,0.0,1.0,0.0,0.0,0.0,1.0,0.1992,0.0,0.7535,0.0
1.0,0.0,0.0,0.0,1.0,0.0,0.0,0.0,1.0,0.1992,0.0,0.7535,0.0
1.0,0.0,0.0,0.0,1.0,0.0,0.0,0.0,1.0,0.1992,0.0,0.7535,0.0
1.0,0.0,0.0,0.0,1.0,0.0,0.0,0.0,1.0,0.1992,0.0,0.7535,0.0
1.0,0.0,0.0,0.0,1.0,0.0,0.0,0.0,1.0,0.1992,0.0,0.7535,0.0
1.0,0.0,0.0,0.0,1.0,0.0,0.0,0.0,1.0,0.1992,0.0,0.7535000000000001,0.0
1.0,0.0,0.0,0.0,1.0,0.0,0.0,0.0,1.0,0.1992,0.0,0.7535,0.0
1.0,0.0,0.0,0.0,1.0,0.0,0.0,0.0,1.0,0.1992,0.0,0.7535,0.0
1.0,0.0,0.0,0.0,1.0,0.0,0.0,0.0,1.0,0.1992,0.0,0.7534999999999998,0.0
1.0,0.0,0.0,0.0,1.0,0.0,0.0,0.0,1.0,0.1992,0.0,0.7535,0.0
1.0,0.0,0.0,0.0,1.0,0.0,0.0,0.0,1.0,0.1992,0.0,0.7535,0.0
1.0,0.0,0.0,0.0,1.0,0.0,0.0,0.0,1.0,0.1992,0.0,0.7535,0.0
1.0,0.0,0.0,0.0,1.0,0.0,0.0,0.0,1.0,0.1992,0.0,0.7535,0.0
1.0,0.0,0.0,0.0,1.0,0.0,0.0,0.0,1.0,0.1992,0.0,0.7535,0.0
1.0,0.0,0.0,0.0,1.0,0.0,0.0,0.0,1.0,0.1992,0.0,0.7535,0.0
1.0,0.0,0.0,0.0,1.0,0.0,0.0,0.0,1.0,0.1992,0.0,0.7535,0.0
1.0,0.0,0.0,0.0,1.0,0.0,0.0,0.0,1.0,0.1992,0.0,0.7535,0.0
1.0,0.0,0.0,0.0,1.0,0.0,0.0,0.0,1.0,0.1992,0.0,0.7535,0.0
1.0,0.0,0.0,0.0,1.0,0.0,0.0,0.0,1.0,0.1992,0.0,0.7535,0.0
1.0,0.0,0.0,0.0,1.0,0.0,0.0,0.0,1.0,0.1992,0.0,0.7535,0.0
1.0,0.0,0.0,0.0,1.0,0.0,0.0,0.0,1.0,0.1992,0.0,0.7535,0.0
1.0,0.0,0.0,0.0,1.0,0.0,0.0,0.0,1.0,0.1992,0.0,0.7535,0.0
1.0,0.0,0.0,0.0,1.0,0.0,0.0,0.0,1.0,0.1992,0.0,0.7534999999999998,0.0
1.0,0.0,0.0,0.0,1.0,0.0,0.0,0.0,1.0,0.1992,0.0,0.7535,0.0
1.0,0.0,0.0,0.0,1.0,0.0,0.0,0.0,1.0,0.1992,0.0,0.7535,0.0
1.0,0.0,0.0,0.0,1.0,0.0,0.0,0.0,1.0,0.1992,0.0,0.7535,0.0
1.0,0.0,0.0,0.0,1.0,0.0,0.0,0.0,1.0,0.1992,0.0,0.7535,0.0
1.0,0.0,0.0,0.0,1.0,0.0,0.0,0.0,1.0,0.1992,0.0,0.7535,0.0
1.0,0.0,0.0,0.0,1.0,0.0,0.0,0.0,1.0,0.1992,0.0,0.7535,0.0
1.0,0.0,0.0,0.0,1.0,0.0,0.0,0.0,1.0,0.1992,0.0,0.7534999999999998,0.0
1.0,0.0,0.0,0.0,1.0,0.0,0.0,0.0,1.0,0.1992,0.0,0.7535,0.0
1.0,0.0,0.0,0.0,1.0,0.0,0.0,0.0,1.0,0.1992,0.0,0.7535,0.0
1.0,0.0,0.0,0.0,1.0,0.0,0.0,0.0,1.0,0.1992,0.0,0.7535,0.0
1.0,0.0,0.0,0.0,1.0,0.0,0.0,0.0,1.0,0.1992,0.0,0.7535,0.0
1.0,0.0,0.0,0.0,1.0,0.0,0.0,0.0,1.0,0.1992,0.0,0.7535,0.0
1.0,0.0,0.0,0.0,1.0,0.0,0.0,0.0,1.0,0.1992,0.0,0.7535,0.0
1.0,0.0,0.0,0.0,1.0,0.0,0.0,0.0,1.0,0.1992,0.0,0.7535,0.0
1.0,0.0,0.0,0.0,1.0,0.0,0.0,0.0,1.0,0.1992,0.0,0.7535,0.0
1.0,0.0,0.0,0.0,1.0,0.0,0.0,0.0,1.0,0.1992,0.0,0.7535,0.0
1.0,0.0,0.0,0.0,1.0,0.0,0.0,0.0,1.0,0.1992,0.0,0.7535,0.0
1.0,0.0,0.0,0.0,1.0,0.0,0.0,0.0,1.0,0.1992,0.0,0.7535,0.0
1.0,0.0,0.0,0.0,1.0,0.0,0.0,0.0,1.0,0.1992,0.0,0.7535,0.0
1.0,0.0,0.0,0.0,1.0,0.0,0.0,0.0,1.0,0.1992,0.0,0.7535,0.0
1.0,0.0,0.0,0.0,1.0,0.0,0.0,0.0,1.0,0.1992,0.0,0.7535,0.0
1.0,0.0,0.0,0.0,1.0,0.0,0.0,0.0,1.0,0.1992,0.0,0.7535,0.0
1.0,0.0,0.0,0.0,1.0,0.0,0.0,0.0,1.0,0.1992,0.0,0.7535,0.0
1.0,0.0,0.0,0.0,1.0,0.0,0.0,0.0,1.0,0.1992,0.0,0.7535,0.0
1.0,0.0,0.0,0.0,1.0,0.0,0.0,0.0,1.0,0.1992,0.0,0.7535,0.0
0.9999999999575365,0.0,9.215586675004349e-06,0.0,1.0,0.0,-9.215586675004349e-06,0.0,0.9999999999575365,0.1992023490766064,0.0,0.7534987430328098,0.0
0.9999999973365236,0.0,7.298597691260873e-05,0.0,1.0,0.0,-7.298597691260873e-05,0.0,0.9999999973365236,0.19921860431214616,0.0,0.7534900450202864,0.0
0.9999999702690989,0.0,0.0002438479060809109,0.0,1.0,0.0,-0.0002438479060809109,0.0,0.9999999702690989,0.19926215745535997,0.0,0.7534667401727999,0.0
0.9999998363143711,0.0,0.0005721636400704197,0.0,1.0,0.0,-0.0005721636400704197,0.0,0.9999998363143711,0.1993458459827516,0.0,0.7534219592862025,0.0
0.9999993882151613,0.0,0.0011061506692440592,0.0,1.0,0.0,-0.0011061506692440592,0.0,0.9999993882151613,0.199481960691358,0.0,0.7533491256790122,0.0
0.9999982103343923,0.0,0.0018919112062957052,0.0,1.0,0.0,-0.0018919112062957052,0.0,0.9999982103343923,0.19968225329151998,0.0,0.7532419511295999,0.0
0.9999955792542393,0.0,0.0029734612791180483,0.0,1.0,0.0,-0.0029734612791180483,0.0,0.9999955792542393,0.19995794399965233,0.0,0.7530944318133728,0.0
0.9999903517871379,0.0,0.00439275911428506,0.0,1.0,0.0,-0.00439275911428506,0.0,0.9999903517871379,0.2003197291310143,0.0,0.7529008442399604,0.0
0.9999808434228616,0.0,0.006189732409582362,0.0,1.0,0.0,-0.006189732409582362,0.0,0.9999808434228616,0.20077778869247997,0.0,0.7526557411904,0.0
0.9999647000206882,0.0,0.008402304001597092,0.0,1.0,0.0,-0.008402304001597092,0.0,0.9999647000206882,0.20134179397530863,0.0,0.752353947654321,0.0
0.9999387653507884,0.0,0.011066415351902278,0.0,1.0,0.0,-0.011066415351902278,0.0,0.9999387653507884,0.20202091514791504,0.0,0.7519905567671308,0.0
0.9998989468950401,0.0,0.014216047206930805,0.0,1.0,0.0,-0.014216047206930805,0.0,0.9998989468950401,0.20282382884864,0.0,0.7515609257471999,0.0
0.9998400821350721,0.0,0.017883236735338447,0.0,1.0,0.0,-0.017883236735338447,0.0,0.9998400821350721,0.2037587257785205,0.0,0.7510606718330468,0.0
0.9997558073849943,0.0,0.022098090414745496,0.0,1.0,0.0,-0.022098090414745496,0.0,0.9997558073849943,0.20483331829406023,0.0,0.7504856682205234,0.0
0.9996384310682613,0.0,0.026888791928701108,0.0,1.0,0.0,-0.026888791928701108,0.0,0.9996384310682613,0.20605484799999996,0.0,0.7498320399999999,0.0
0.9994788131926009,0.0,0.032281604345355305,0.0,1.0,0.0,-0.032281604345355305,0.0,0.9994788131926009,0.2074300933420879,0.0,0.7490961600935506,0.0
0.9992662526437569,0.0,0.038300865881900265,0.0,1.0,0.0,-0.038300865881900265,0.0,0.9992662526437569,0.20896537719984987,0.0,0.7482746451921383,0.0
0.9989883837975757,0.0,0.044968978613122934,0.0,1.0,0.0,-0.044968978613122934,0.0,0.9989883837975757,0.21066657447936,0.0,0.7473643516927999,0.0
0.9986310838399901,0.0,0.05230638955774668,0.0,1.0,0.0,-0.05230638955774668,0.0,0.9986310838399901,0.21253911970601086,0.0,0.7463623716358321,0.0
0.9981783920847693,0.0,0.06033156367163497,0.0,1.0,0.0,-0.06033156367163497,0.0,0.9981783920847693,0.21458801461728394,0.0,0.7452660286419752,0.0
0.9976124424882251,0.0,0.0690609483910967,0.0,1.0,0.0,-0.0690609483910967,0.0,0.9976124424882251,0.21681783575552,0.0,0.7440728738496,0.0
0.9969134104768671,0.0,0.07850892950092617,0.0,1.0,0.0,-0.07850892950092617,0.0,0.9969134104768671,0.21923274206068938,0.0,0.7427806818518914,0.0
0.9960594751265174,0.0,0.08868777824867831,0.0,1.0,0.0,-0.08868777824867831,0.0,0.9960594751265174,0.22183648246316248,0.0,0.7413874466340346,0.0
0.9950267976576354,0.0,0.09960758978707998,0.0,1.0,0.0,-0.09960758978707998,0.0,0.9950267976576354,0.22463240347648,0.0,0.7398913775103999,0.0
0.9937895171394426,0.0,0.11127621319829963,0.0,1.0,0.0,-0.11127621319829963,0.0,0.9937895171394426,0.22762345679012344,0.0,0.7382908950617283,0.0
0.9923197642226073,0.0,0.12369917353478609,0.0,1.0,0.0,-0.12369917353478609,0.0,0.9923197642226073,0.23081220686228543,0.0,0.736584627072316,0.0
0.9905876936444473,0.0,0.13687958649913617,0.0,1.0,0.0,-0.13687958649913617,0.0,0.9905876936444473,0.23420083851264,0.0,0.7347714044671999,0.0
0.9885615361695216,0.0,0.150818066577435,0.0,1.0,0.0,-0.150818066577435,0.0,0.9885615361695216,0.2377911645151131,0.0,0.7328502572493432,0.0
0.9862076705398406,0.0,0.1655126296340593,0.0,1.0,0.0,-0.1655126296340593,0.0,0.9862076705398406,0.24158463319065285,0.0,0.7308204104368198,0.0
0.983490715910626,0.0,0.18095859116826826,0.0,1.0,0.0,-0.18095859116826826,0.0,0.983490715910626,0.24558233599999998,0.0,0.7286812799999999,0.0
0.9803736451376198,0.0,0.19714846162112498,0.0,1.0,0.0,-0.19714846162112498,0.0,0.9803736451376198,0.24978501513645826,0.0,0.7264324687987357,0.0
0.9768179191587079,0.0,0.21407184030239002,0.0,1.0,0.0,-0.21407184030239002,0.0,0.9768179191587079,0.2541930711186647,0.0,0.7240737625195456,0.0
0.972783642574681,0.0,0.23171530967792198,0.0,1.0,0.0,-0.23171530967792198,0.0,0.972783642574681,0.25880657038335997,0.0,0.7216051256128,0.0
0.968229740380306,0.0,0.2500623319156354,0.0,1.0,0.0,-0.2500623319156354,0.0,0.968229740380306,0.263625252878159,0.0,0.7190266972299062,0.0
0.9631141556269004,0.0,0.2690931497290161,0.0,1.0,0.0,-0.2690931497290161,0.0,0.9631141556269004,0.268648539654321,0.0,0.7163387871604937,0.0
0.9573940676111884,0.0,0.28878469367835813,0.0,1.0,0.0,-0.28878469367835813,0.0,0.9573940676111884,0.27387554045952,0.0,0.7135418717696,0.0
0.951026129982719,0.0,0.3091104981880954,0.0,1.0,0.0,-0.3091104981880954,0.0,0.951026129982719,0.2793050613306153,0.0,0.7106365899348542,0.0
0.9439667279444852,0.0,0.3300406286107547,0.0,1.0,0.0,-0.3300406286107547,0.0,0.9439667279444852,0.2849356121864217,0.0,0.707623738983664,0.0
0.9361722534900513,0.0,0.35154162171122677,0.0,1.0,0.0,-0.35154162171122677,0.0,0.9361722534900513,0.29076541442048,0.0,0.7045042706303999,0.0
0.9275993973775315,0.0,0.3735764419564495,0.0,1.0,0.0,-0.3735764419564495,0.0,0.9275993973775315,0.29679240849382715,0.0,0.7012792869135801,0.0
0.9182054562887855,0.0,0.39610445597279426,0.0,1.0,0.0,-0.39610445597279426,0.0,0.9182054562887855,0.30301426152776695,0.0,0.6979500361330567,0.0
0.9079486533643517,0.0,0.4190814274742562,0.0,1.0,0.0,-0.4190814274742562,0.0,0.9079486533643517,0.30942837489664,0.0,0.6945179087872,0.0
0.8967884700446399,0.0,0.44245953486730744,0.0,1.0,0.0,-0.44245953486730744,0.0,0.8967884700446399,0.3160318918205946,0.0,0.6909844335100839,0.0
0.8846859868899022,0.0,0.4661874136016971,0.0,1.0,0.0,-0.4661874136016971,0.0,0.8846859868899022,0.3228217049583565,0.0,0.6873512730086716,0.0
0.8716042308000843,0.0,0.49021022515997487,0.0,1.0,0.0,-0.49021022515997487,0.0,0.8716042308000843,0.32979446399999995,0.0,0.68362022,0.0
0.8575085258157616,0.0,0.5144697543619831,0.0,1.0,0.0,-0.5144697543619831,0.0,0.8575085258157616,0.33694658325971755,0.0,0.6797931931483654,0.0
0.842366844458167,0.0,0.5389045364047238,0.0,1.0,0.0,-0.5389045364047238,0.0,0.842366844458167,0.3442742492685906,0.0,0.6758722330025085,0.0
0.8261501563651577,0.0,0.563450014764243,0.0,1.0,0.0,-0.563450014764243,0.0,0.8261501563651577,0.3517734283673601,0.0,0.6718594979328,0.0
0.8088327708062418,0.0,0.5880387307566548,0.0,1.0,0.0,-0.5880387307566548,0.0,0.8088327708062418,0.359439874299196,0.0,0.6677572600684246,0.0
0.7903926695187594,0.0,0.6126005451932027,0.0,1.0,0.0,-0.6126005451932027,0.0,0.7903926695187594,0.3672691358024691,0.0,0.6635679012345679,0.0
0.7708118262041158,0.0,0.637062892173038,0.0,1.0,0.0,-0.637062892173038,0.0,0.7708118262041158,0.37525656420352,0.0,0.6592939088895999,0.0
0.7500765089622885,0.0,0.6613510646418784,0.0,1.0,0.0,-0.6613510646418784,0.0,0.7500765089622885,0.38339732100943014,0.0,0.6549378720622617,0.0
0.7281775619289682,0.0,0.6853885309101573,0.0,1.0,0.0,-0.6853885309101573,0.0,0.7281775619289682,0.39168638550079204,0.0,0.6505024772888494,0.0
0.7051106624162664,0.0,0.709097280876816,0.0,1.0,0.0,-0.709097280876816,0.0,0.7051106624162664,0.40011856232448006,0.0,0.6459905045503999,0.0
0.6808765499478177,0.0,0.7323982002511727,0.0,1.0,0.0,-0.7323982002511727,0.0,0.6808765499478177,0.40868848908641975,0.0,0.6414048232098766,0.0
0.6554812237243685,0.0,0.7552114706125725,0.0,1.0,0.0,-0.7552114706125725,0.0,0.6554812237243685,0.4173906439443595,0.0,0.6367483879493531,0.0
0.628936105257642,0.0,0.7774569927033574,0.0,1.0,0.0,-0.7774569927033574,0.0,0.628936105257642,0.42621935320063997,0.0,0.6320242347071998,0.0
0.6012581631683915,0.0,0.799054829923061,0.0,1.0,0.0,-0.799054829923061,0.0,0.6012581631683915,0.43516879889496496,0.0,0.627235476615269,0.0
0.5724699974580322,0.0,0.8199256685885621,0.0,1.0,0.0,-0.8199256685885621,0.0,0.5724699974580322,0.4442330263971713,0.0,0.622385299936079,0.0
0.5425998809297863,0.0,0.8399912911542486,0.0,1.0,0.0,-0.8399912911542486,0.0,0.5425998809297863,0.453405952,0.0,0.61747696,0.0
0.5116817558514892,0.0,0.8591750582557299,0.0,1.0,0.0,-0.8591750582557299,0.0,0.5116817558514892,0.46268137051186575,0.0,0.6125137771424395,0.0
0.4797551844134422,0.0,0.8774023951576746,0.0,1.0,0.0,-0.8774023951576746,0.0,0.4797551844134422,0.4720529628496277,0.0,0.6074991326410271,0.0
0.44686525203534166,0.0,0.8946012779576109,0.0,1.0,0.0,-0.8946012779576109,0.0,0.44686525203534166,0.4815143036313599,0.0,0.6024364646528,0.0
0.4130624231095501,0.0,0.9107027147290531,0.0,1.0,0.0,-0.9107027147290531,0.0,0.4130624231095501,0.49105886876912197,0.0,0.5973292641513877,0.0
0.3784023493262003,0.0,0.9256412166840954,0.0,1.0,0.0,-0.9256412166840954,0.0,0.3784023493262003,0.5006800430617284,0.0,0.5921810708641975,0.0
0.34294563130030986,0.0,0.9393552544016731,0.0,1.0,0.0,-0.9393552544016731,0.0,0.34294563130030986,0.5103711277875199,0.0,0.5869954692096,0.0
0.3067575348031999,0.0,0.9517876942057318,0.0,1.0,0.0,-0.9517876942057318,0.0,0.3067575348031999,0.520125348297134,0.0,0.5817760842341135,0.0
0.2699076634804206,0.0,0.9628862098890709,0.0,1.0,0.0,-0.9628862098890709,0.0,0.2699076634804206,0.5299358616062736,0.0,0.5765265775495901,0.0
0.2324695905062728,0.0,0.9726036651636913,0.0,1.0,0.0,-0.9726036651636913,0.0,0.2324695905062728,0.53979576398848,0.0,0.5712506432704,0.0
0.19452045217105574,0.0,0.9808984624756877,0.0,1.0,0.0,-0.9808984624756877,0.0,0.19452045217105574,0.5496980985679014,0.0,0.5659520039506172,0.0
0.15614050691155335,0.0,0.9877348541493325,0.0,1.0,0.0,-0.9877348541493325,0.0,0.15614050691155335,0.5596358629120634,0.0,0.5606344065212048,0.0
0.11741266376874149,0.0,0.9930832122167449,0.0,1.0,0.0,-0.9930832122167449,0.0,0.11741266376874149,0.5696020166246399,0.0,0.5553016182272,0.0
0.07842198468052508,0.0,0.9969202537408735,0.0,1.0,0.0,-0.9969202537408735,0.0,0.07842198468052508,0.5795894889382243,0.0,0.5499574225648987,0.0
0.03925516538356666,0.0,0.999229218943636,0.0,1.0,0.0,-0.999229218943636,0.0,0.03925516538356666,0.5895911863070973,0.0,0.5446056152190419,0.0
1.1102230246251565e-16,0.0,1.0,0.0,1.0,0.0,-1.0,0.0,1.1102230246251565e-16,0.5996,0.0,0.53925,0.0
-0.03925516538356577,0.0,0.999229218943636,0.0,1.0,0.0,-0.999229218943636,0.0,-0.03925516538356577,0.6096088136929025,0.0,0.5338943847809581,0.0
-0.07842198468052541,0.0,0.9969202537408735,0.0,1.0,0.0,-0.9969202537408735,0.0,-0.07842198468052541,0.6196105110617758,0.0,0.5285425774351011,0.0
-0.11741266376874138,0.0,0.993083212216745,0.0,1.0,0.0,-0.993083212216745,0.0,-0.11741266376874138,0.6295979833753601,0.0,0.5231983817727999,0.0
-0.15614050691155423,0.0,0.9877348541493324,0.0,1.0,0.0,-0.9877348541493324,0.0,-0.15614050691155423,0.6395641370879369,0.0,0.517865593478795,0.0
-0.19452045217105574,0.0,0.9808984624756877,0.0,1.0,0.0,-0.9808984624756877,0.0,-0.19452045217105574,0.6495019014320986,0.0,0.5125479960493827,0.0
-0.23246959050627325,0.0,0.9726036651636912,0.0,1.0,0.0,-0.9726036651636912,0.0,-0.23246959050627325,0.6594042360115201,0.0,0.5072493567295999,0.0
-0.26990766348042117,0.0,0.9628862098890708,0.0,1.0,0.0,-0.9628862098890708,0.0,-0.26990766348042117,0.6692641383937266,0.0,0.5019734224504098,0.0
-0.30675753480320056,0.0,0.9517876942057316,0.0,1.0,0.0,-0.9517876942057316,0.0,-0.30675753480320056,0.6790746517028663,0.0,0.4967239157658863,0.0
-0.3429456313003094,0.0,0.9393552544016732,0.0,1.0,0.0,-0.9393552544016732,0.0,-0.3429456313003094,0.68882887221248,0.0,0.4915045307904,0.0
-0.3784023493261994,0.0,0.9256412166840957,0.0,1.0,0.0,-0.9256412166840957,0.0,-0.3784023493261994,0.6985199569382713,0.0,0.48631892913580255,0.0
-0.413062423109551,0.0,0.9107027147290527,0.0,1.0,0.0,-0.9107027147290527,0.0,-0.413062423109551,0.7081411312308783,0.0,0.48117073584861225,0.0
-0.4468652520353409,0.0,0.8946012779576114,0.0,1.0,0.0,-0.8946012779576114,0.0,-0.4468652520353409,0.7176856963686399,0.0,0.47606353534720003,0.0
-0.479755184413442,0.0,0.8774023951576746,0.0,1.0,0.0,-0.8774023951576746,0.0,-0.479755184413442,0.7271470371503723,0.0,0.47100086735897284,0.0
-0.5116817558514897,0.0,0.8591750582557298,0.0,1.0,0.0,-0.8591750582557298,0.0,-0.5116817558514897,0.7365186294881343,0.0,0.4659862228575605,0.0
-0.5425998809297852,0.0,0.8399912911542493,0.0,1.0,0.0,-0.8399912911542493,0.0,-0.5425998809297852,0.7457940479999997,0.0,0.46102304000000016,0.0
-0.5724699974580316,0.0,0.8199256685885624,0.0,1.0,0.0,-0.8199256685885624,0.0,-0.5724699974580316,0.7549669736028286,0.0,0.456114700063921,0.0
-0.6012581631683922,0.0,0.7990548299230605,0.0,1.0,0.0,-0.7990548299230605,0.0,-0.6012581631683922,0.7640312011050352,0.0,0.4512645233847308,0.0
-0.6289361052576421,0.0,0.7774569927033572,0.0,1.0,0.0,-0.7774569927033572,0.0,-0.6289361052576421,0.7729806467993602,0.0,0.4464757652927999,0.0
-0.6554812237243692,0.0,0.755211470612572,0.0,1.0,0.0,-0.755211470612572,0.0,-0.6554812237243692,0.7818093560556407,0.0,0.4417516120506467,0.0
-0.6808765499478171,0.0,0.7323982002511732,0.0,1.0,0.0,-0.7323982002511732,0.0,-0.6808765499478171,0.7905115109135801,0.0,0.43709517679012355,0.0
-0.7051106624162686,0.0,0.7090972808768137,0.0,1.0,0.0,-0.7090972808768137,0.0,-0.7051106624162686,0.7990814376755206,0.0,0.4325094954495996,0.0
-0.7281775619289683,0.0,0.6853885309101572,0.0,1.0,0.0,-0.6853885309101572,0.0,-0.7281775619289683,0.8075136144992079,0.0,0.4279975227111506,0.0
-0.7500765089622878,0.0,0.6613510646418792,0.0,1.0,0.0,-0.6613510646418792,0.0,-0.7500765089622878,0.8158026789905696,0.0,0.4235621279377384,0.0
-0.7708118262041157,0.0,0.6370628921730382,0.0,1.0,0.0,-0.6370628921730382,0.0,-0.7708118262041157,0.82394343579648,0.0,0.41920609111039997,0.0
-0.7903926695187586,0.0,0.6126005451932037,0.0,1.0,0.0,-0.6126005451932037,0.0,-0.7903926695187586,0.8319308641975307,0.0,0.4149320987654322,0.0
-0.8088327708062419,0.0,0.5880387307566546,0.0,1.0,0.0,-0.5880387307566546,0.0,-0.8088327708062419,0.8397601257008042,0.0,0.41074273993157523,0.0
-0.8261501563651565,0.0,0.5634500147642446,0.0,1.0,0.0,-0.5634500147642446,0.0,-0.8261501563651565,0.8474265716326395,0.0,0.40664050206720026,0.0
-0.8423668444581667,0.0,0.5389045364047244,0.0,1.0,0.0,-0.5389045364047244,0.0,-0.8423668444581667,0.8549257507314092,0.0,0.40262776699749137,0.0
-0.8575085258157615,0.0,0.5144697543619834,0.0,1.0,0.0,-0.5144697543619834,0.0,-0.8575085258157615,0.8622534167402823,0.0,0.3987068068516346,0.0
-0.8716042308000838,0.0,0.490210225159976,0.0,1.0,0.0,-0.490210225159976,0.0,-0.8716042308000838,0.8694055359999997,0.0,0.3948797800000001,0.0
-0.8846859868899015,0.0,0.4661874136016982,0.0,1.0,0.0,-0.4661874136016982,0.0,-0.8846859868899015,0.8763782950416432,0.0,0.3911487269913285,0.0
-0.8967884700446394,0.0,0.4424595348673085,0.0,1.0,0.0,-0.4424595348673085,0.0,-0.8967884700446394,0.883168108179405,0.0,0.38751556648991625,0.0
-0.9079486533643519,0.0,0.4190814274742557,0.0,1.0,0.0,-0.4190814274742557,0.0,-0.9079486533643519,0.8897716251033602,0.0,0.3839820912127999,0.0
-0.918205456288786,0.0,0.39610445597279287,0.0,1.0,0.0,-0.39610445597279287,0.0,-0.918205456288786,0.8961857384722335,0.0,0.38054996386694306,0.0
-0.9275993973775316,0.0,0.37357644195644873,0.0,1.0,0.0,-0.37357644195644873,0.0,-0.9275993973775316,0.9024075915061731,0.0,0.37722071308641963,0.0
-0.9361722534900521,0.0,0.3515416217112243,0.0,1.0,0.0,-0.3515416217112243,0.0,-0.9361722534900521,0.9084345855795206,0.0,0.3739957293695996,0.0
-0.9439667279444848,0.0,0.3300406286107566,0.0,1.0,0.0,-0.3300406286107566,0.0,-0.9439667279444848,0.9142643878135778,0.0,0.3708762610163361,0.0
-0.951026129982719,0.0,0.3091104981880953,0.0,1.0,0.0,-0.3091104981880953,0.0,-0.951026129982719,0.9198949386693847,0.0,0.3678634100651457,0.0
-0.9573940676111876,0.0,0.28878469367836085,0.0,1.0,0.0,-0.28878469367836085,0.0,-0.9573940676111876,0.9253244595404793,0.0,0.36495812823040036,0.0
-0.9631141556269003,0.0,0.26909314972901643,0.0,1.0,0.0,-0.26909314972901643,0.0,-0.9631141556269003,0.9305514603456789,0.0,0.36216121283950625,0.0
-0.968229740380306,0.0,0.25006233191563476,0.0,1.0,0.0,-0.25006233191563476,0.0,-0.968229740380306,0.9355747471218412,0.0,0.35947330277009376,0.0
-0.9727836425746812,0.0,0.23171530967792073,0.0,1.0,0.0,-0.23171530967792073,0.0,-0.9727836425746812,0.9403934296166403,0.0,0.3568948743871998,0.0
-0.9768179191587074,0.0,0.21407184030239196,0.0,1.0,0.0,-0.21407184030239196,0.0,-0.9768179191587074,0.9450069288813349,0.0,0.3544262374804546,0.0
-0.9803736451376202,0.0,0.19714846162112376,0.0,1.0,0.0,-0.19714846162112376,0.0,-0.9803736451376202,0.949414984863542,0.0,0.352067531201264,0.0
-0.9834907159106265,0.0,0.18095859116826568,0.0,1.0,0.0,-0.18095859116826568,0.0,-0.9834907159106265,0.9536176640000007,0.0,0.3498187199999996,0.0
-0.9862076705398404,0.0,0.16551262963406052,0.0,1.0,0.0,-0.16551262963406052,0.0,-0.9862076705398404,0.9576153668093469,0.0,0.34767958956318046,0.0
-0.9885615361695217,0.0,0.15081806657743446,0.0,1.0,0.0,-0.15081806657743446,0.0,-0.9885615361695217,0.9614088354848871,0.0,0.3456497427506567,0.0
-0.9905876936444473,0.0,0.13687958649913673,0.0,1.0,0.0,-0.13687958649913673,0.0,-0.9905876936444473,0.9649991614873599,0.0,0.34372859553280005,0.0
-0.9923197642226076,0.0,0.12369917353478424,0.0,1.0,0.0,-0.12369917353478424,0.0,-0.9923197642226076,0.9683877931377151,0.0,0.3419153729276837,0.0
-0.9937895171394426,0.0,0.1112762131982994,0.0,1.0,0.0,-0.1112762131982994,0.0,-0.9937895171394426,0.9715765432098766,0.0,0.3402091049382715,0.0
-0.9950267976576352,0.0,0.09960758978708267,0.0,1.0,0.0,-0.09960758978708267,0.0,-0.9950267976576352,0.9745675965235193,0.0,0.3386086224896004,0.0
-0.996059475126517,0.0,0.08868777824868053,0.0,1.0,0.0,-0.08868777824868053,0.0,-0.996059475126517,0.9773635175368369,0.0,0.33711255336596574,0.0
-0.9969134104768673,0.0,0.0785089295009255,0.0,1.0,0.0,-0.0785089295009255,0.0,-0.9969134104768673,0.9799672579393108,0.0,0.3357193181481085,0.0
-0.9976124424882253,0.0,0.069060948391096,0.0,1.0,0.0,-0.069060948391096,0.0,-0.9976124424882253,0.9823821642444802,0.0,0.3344271261503999,0.0
-0.9981783920847693,0.0,0.06033156367163429,0.0,1.0,0.0,-0.06033156367163429,0.0,-0.9981783920847693,0.9846119853827162,0.0,0.3332339713580246,0.0
-0.9986310838399901,0.0,0.05230638955774556,0.0,1.0,0.0,-0.05230638955774556,0.0,-0.9986310838399901,0.9866608802939895,0.0,0.3321376283641677,0.0
-0.9989883837975757,0.0,0.044968978613126244,0.0,1.0,0.0,-0.044968978613126244,0.0,-0.9989883837975757,0.9885334255206393,0.0,0.33113564830720044,0.0
-0.999266252643757,0.0,0.038300865881900674,0.0,1.0,0.0,-0.038300865881900674,0.0,-0.999266252643757,0.9902346228001501,0.0,0.3302253548078618,0.0
-0.9994788131926007,0.0,0.032281604345356776,0.0,1.0,0.0,-0.032281604345356776,0.0,-0.9994788131926007,0.9917699066579118,0.0,0.32940383990644956,0.0
-0.9996384310682616,0.0,0.026888791928696157,0.0,1.0,0.0,-0.026888791928696157,0.0,-0.9996384310682616,0.9931451520000013,0.0,0.3286679599999993,0.0
-0.9997558073849944,0.0,0.022098090414747317,0.0,1.0,0.0,-0.022098090414747317,0.0,-0.9997558073849944,0.9943666817059393,0.0,0.3280143317794768,0.0
-0.9998400821350721,0.0,0.017883236735338086,0.0,1.0,0.0,-0.017883236735338086,0.0,-0.9998400821350721,0.9954412742214797,0.0,0.32743932816695304,0.0
-0.9998989468950401,0.0,0.01421604720693207,0.0,1.0,0.0,-0.01421604720693207,0.0,-0.9998989468950401,0.9963761711513597,0.0,0.32693907425280017,0.0
-0.9999387653507885,0.0,0.011066415351900005,0.0,1.0,0.0,-0.011066415351900005,0.0,-0.9999387653507885,0.9971790848520855,0.0,0.32650944323286885,0.0
-0.9999647000206882,0.0,0.008402304001593638,0.0,1.0,0.0,-0.008402304001593638,0.0,-0.9999647000206882,0.9978582060246922,0.0,0.3261460523456785,0.0
-0.9999808434228616,0.0,0.006189732409584722,0.0,1.0,0.0,-0.006189732409584722,0.0,-0.9999808434228616,0.9984222113075194,0.0,0.32584425880960033,0.0
-0.999990351787138,0.0,0.004392759114278069,0.0,1.0,0.0,-0.004392759114278069,0.0,-0.999990351787138,0.9988802708689875,0.0,0.32559915576003856,0.0
-0.9999955792542394,0.0,0.0029734612791181003,0.0,1.0,0.0,-0.0029734612791181003,0.0,-0.9999955792542394,0.9992420560003477,0.0,0.32540556818662714,0.0
-0.9999982103343923,0.0,0.0018919112062948695,0.0,1.0,0.0,-0.0018919112062948695,0.0,-0.9999982103343923,0.9995177467084803,0.0,0.3252580488703999,0.0
-0.9999993882151612,0.0,0.0011061506692457983,0.0,1.0,0.0,-0.0011061506692457983,0.0,-0.9999993882151612,0.9997180393086416,0.0,0.3251508743209879,0.0
-0.999999836314371,0.0,0.0005721636400685615,0.0,1.0,0.0,-0.0005721636400685615,0.0,-0.999999836314371,0.9998541540172489,0.0,0.32507804071379726,0.0
-0.9999999702690989,0.0,0.00024384790608314457,0.0,1.0,0.0,-0.00024384790608314457,0.0,-0.9999999702690989,0.9999378425446395,0.0,0.3250332598272003,0.0
-0.9999999973365234,0.0,7.29859769161231e-05,0.0,1.0,0.0,-7.29859769161231e-05,0.0,-0.9999999973365234,0.9999813956878529,0.0,0.3250099549797141,0.0
-0.9999999999575366,0.0,9.215586678648984e-06,0.0,1.0,0.0,-9.215586678648984e-06,0.0,-0.9999999999575366,0.9999976509233927,0.0,0.3250012569671906,0.0
-1.0,0.0,1.2246467991473532e-16,0.0,1.0,0.0,-1.2246467991473532e-16,0.0,-1.0,1.0,0.0,0.325,0.0
-1.0,0.0,0.0,0.0,1.0,0.0,0.0,0.0,-1.0,1.0,0.0,0.325,0.0
-1.0,0.0,0.0,0.0,1.0,0.0,0.0,0.0,-1.0,1.0,0.0,0.3249905839947641,0.0
-1.0,0.0,0.0,0.0,1.0,0.0,0.0,0.0,-1.0,1.0,0.0,0.32492629299696557,0.0
-1.0,0.0,0.0,0.0,1.0,0.0,0.0,0.0,-1.0,1.0,0.0,0.3247566462545368,0.0
-1.0,0.0,0.0,0.0,1.0,0.0,0.0,0.0,-1.0,1.0,0.0,0.32443582821443445,0.0
-1.0,0.0,0.0,0.0,1.0,0.0,0.0,0.0,-1.0,1.0,0.0,0.323922547152972,0.0
-1.0,0.0,0.0,0.0,1.0,0.0,0.0,0.0,-1.0,1.0,0.0,0.32317989380615225,0.0
-1.0,0.0,0.0,0.0,1.0,0.0,0.0,0.0,-1.0,1.0,0.0,0.3221752,0.0
-1.0,0.0,0.0,0.0,1.0,0.0,0.0,0.0,-1.0,1.0,0.0,0.3208798972808949,0.0
-1.0,0.0,0.0,0.0,1.0,0.0,0.0,0.0,-1.0,1.0,0.0,0.31926937554590346,0.0
-1.0,0.0,0.0,0.0,1.0,0.0,0.0,0.0,-1.0,1.0,0.0,0.31732284167311237,0.0
-1.0,0.0,0.0,0.0,1.0,0.0,0.0,0.0,-1.0,1.0,0.0,0.31502317815196046,0.0
-1.0,0.0,0.0,0.0,1.0,0.0,0.0,0.0,-1.0,1.0,0.0,0.3123568017135718,0.0
-1.0,0.0,0.0,0.0,1.0,0.0,0.0,0.0,-1.0,1.0,0.0,0.30931352196108763,0.0
-1.0,0.0,0.0,0.0,1.0,0.0,0.0,0.0,-1.0,1.0,0.0,0.3058864,0.0
-1.0,0.0,0.0,0.0,1.0,0.0,0.0,0.0,-1.0,1.0,0.0,0.30207160706848335,0.0
-1.0,0.0,0.0,0.0,1.0,0.0,0.0,0.0,-1.0,1.0,0.0,0.29786828316772773,0.0
-1.0,0.0,0.0,0.0,1.0,0.0,0.0,0.0,-1.0,1.0,0.0,0.29327839569227104,0.0
-1.0,0.0,0.0,0.0,1.0,0.0,0.0,0.0,-1.0,1.0,0.0,0.28830659806033204,0.0
-1.0,0.0,0.0,0.0,1.0,0.0,0.0,0.0,-1.0,1.0,0.0,0.2829600883441423,0.0
-1.0,0.0,0.0,0.0,1.0,0.0,0.0,0.0,-1.0,1.0,0.0,0.2772484679002796,0.0
-1.0,0.0,0.0,0.0,1.0,0.0,0.0,0.0,-1.0,1.0,0.0,0.2711836,0.0
-1.0,0.0,0.0,0.0,1.0,0.0,0.0,0.0,-1.0,1.0,0.0,0.26477946845957034,0.0
-1.0,0.0,0.0,0.0,1.0,0.0,0.0,0.0,-1.0,1.0,0.0,0.2580520362706015,0.0
-1.0,0.0,0.0,0.0,1.0,0.0,0.0,0.0,-1.0,1.0,0.0,0.2510191042303802,0.0
-1.0,0.0,0.0,0.0,1.0,0.0,0.0,0.0,-1.0,1.0,0.0,0.24370016957220206,0.0
-1.0,0.0,0.0,0.0,1.0,0.0,0.0,0.0,-1.0,1.0,0.0,0.2361162845957042,0.0
-1.0,0.0,0.0,0.0,1.0,0.0,0.0,0.0,-1.0,1.0,0.0,0.22828991529719758,0.0
-1.0,0.0,0.0,0.0,1.0,0.0,0.0,0.0,-1.0,1.0,0.0,0.22024479999999994,0.0
-1.0,0.0,0.0,0.0,1.0,0.0,0.0,0.0,-1.0,1.0,0.0,0.2120058079847683,0.0
-1.0,0.0,0.0,0.0,1.0,0.0,0.0,0.0,-1.0,1.0,0.0,0.203598798119831,0.0
-1.0,0.0,0.0,0.0,1.0,0.0,0.0,0.0,-1.0,1.0,0.0,0.19505047749152135,0.0
-1.0,0.0,0.0,0.0,1.0,0.0,0.0,0.0,-1.0,1.0,0.0,0.18638826003450937,0.0
-1.0,0.0,0.0,0.0,1.0,0.0,0.0,0.0,-1.0,1.0,0.0,0.17764012516213484,0.0
-1.0,0.0,0.0,0.0,1.0,0.0,0.0,0.0,-1.0,1.0,0.0,0.16883447639673943,0.0
-1.0,0.0,0.0,0.0,1.0,0.0,0.0,0.0,-1.0,1.0,0.0,0.15999999999999992,0.0
-1.0,0.0,0.0,0.0,1.0,0.0,0.0,0.0,-1.0,1.0,0.0,0.15116552360326047,0.0
-1.0,0.0,0.0,0.0,1.0,0.0,0.0,0.0,-1.0,1.0,0.0,0.14235987483786516,0.0
-1.0,0.0,0.0,0.0,1.0,0.0,0.0,0.0,-1.0,1.0,0.0,0.13361173996549053,0.0
-1.0,0.0,0.0,0.0,1.0,0.0,0.0,0.0,-1.0,1.0,0.0,0.12494952250847867,0.0
-1.0,0.0,0.0,0.0,1.0,0.0,0.0,0.0,-1.0,1.0,0.0,0.11640120188016892,0.0
-1.0,0.0,0.0,0.0,1.0,0.0,0.0,0.0,-1.0,1.0,0.0,0.10799419201523178,0.0
-1.0,0.0,0.0,0.0,1.0,0.0,0.0,0.0,-1.0,1.0,0.0,0.09975520000000013,0.0
-1.0,0.0,0.0,0.0,1.0,0.0,0.0,0.0,-1.0,1.0,0.0,0.09171008470280242,0.0
-1.0,0.0,0.0,0.0,1.0,0.0,0.0,0.0,-1.0,1.0,0.0,0.08388371540429568,0.0
-1.0,0.0,0.0,0.0,1.0,0.0,0.0,0.0,-1.0,1.0,0.0,0.07629983042779778,0.0
-1.0,0.0,0.0,0.0,1.0,0.0,0.0,0.0,-1.0,1.0,0.0,0.06898089576961977,0.0
-1.0,0.0,0.0,0.0,1.0,0.0,0.0,0.0,-1.0,1.0,0.0,0.06194796372939857,0.0
-1.0,0.0,0.0,0.0,1.0,0.0,0.0,0.0,-1.0,1.0,0.0,0.05522053154042951,0.0
-1.0,0.0,0.0,0.0,1.0,0.0,0.0,0.0,-1.0,1.0,0.0,0.04881640000000011,0.0
-1.0,0.0,0.0,0.0,1.0,0.0,0.0,0.0,-1.0,1.0,0.0,0.0427515320997203,0.0
-1.0,0.0,0.0,0.0,1.0,0.0,0.0,0.0,-1.0,1.0,0.0,0.03703991165585777,0.0
-1.0,0.0,0.0,0.0,1.0,0.0,0.0,0.0,-1.0,1.0,0.0,0.031693401939667916,0.0
-1.0,0.0,0.0,0.0,1.0,0.0,0.0,0.0,-1.0,1.0,0.0,0.026721604307729005,0.0
-1.0,0.0,0.0,0.0,1.0,0.0,0.0,0.0,-1.0,1.0,0.0,0.022131716832272327,0.0
-1.0,0.0,0.0,0.0,1.0,0.0,0.0,0.0,-1.0,1.0,0.0,0.017928392931516796,0.0
-1.0,0.0,0.0,0.0,1.0,0.0,0.0,0.0,-1.0,1.0,0.0,0.014113599999999693,0.0
-1.0,0.0,0.0,0.0,1.0,0.0,0.0,0.0,-1.0,1.0,0.0,0.010686478038912577,0.0
-1.0,0.0,0.0,0.0,1.0,0.0,0.0,0.0,-1.0,1.0,0.0,0.007643198286428327,0.0
-1.0,0.0,0.0,0.0,1.0,0.0,0.0,0.0,-1.0,1.0,0.0,0.004976821848039399,0.0
-1.0,0.0,0.0,0.0,1.0,0.0,0.0,0.0,-1.0,1.0,0.0,0.002677158326887463,0.0
-1.0,0.0,0.0,0.0,1.0,0.0,0.0,0.0,-1.0,1.0,0.0,0.000730624454096716,0.0
-1.0,0.0,0.0,0.0,1.0,0.0,0.0,0.0,-1.0,1.0,0.0,-0.0008798972808953696,0.0
-1.0,0.0,0.0,0.0,1.0,0.0,0.0,0.0,-1.0,1.0,0.0,-0.0021752000000005494,0.0
-1.0,0.0,0.0,0.0,1.0,0.0,0.0,0.0,-1.0,1.0,0.0,-0.0031798938061522895,0.0
-1.0,0.0,0.0,0.0,1.0,0.0,0.0,0.0,-1.0,1.0,0.0,-0.0039225471529717865,0.0
-1.0,0.0,0.0,0.0,1.0,0.0,0.0,0.0,-1.0,1.0,0.0,-0.004435828214434294,0.0
-1.0,0.0,0.0,0.0,1.0,0.0,0.0,0.0,-1.0,1.0,0.0,-0.004756646254536903,0.0
-1.0,0.0,0.0,0.0,1.0,0.0,0.0,0.0,-1.0,1.0,0.0,-0.004926292996965596,0.0
-1.0,0.0,0.0,0.0,1.0,0.0,0.0,0.0,-1.0,1.0,0.0,-0.004990583994763766,0.0
-1.0,0.0,0.0,0.0,1.0,0.0,0.0,0.0,-1.0,1.0,0.0,-0.0050000000000000044,0.0
-1.0,0.0,0.0,0.0,1.0,0.0,0.0,0.0,-1.0,1.0,0.0,-0.0050000000000000044,1.0
-1.0,0.0,0.0,0.0,1.0,0.0,0.0,0.0,-1.0,1.0,0.0,-0.0050000000000000044,1.0
-1.0,0.0,0.0,0.0,1.0,0.0,0.0,0.0,-1.0,1.0,0.0,-0.0050000000000000044,1.0
-1.0,0.0,0.0,0.0,1.0,0.0,0.0,0.0,-1.0,1.0,0.0,-0.005000000000000005,1.0
-1.0,0.0,0.0,0.0,1.0,0.0,0.0,0.0,-1.0,1.0,0.0,-0.0050000000000000044,1.0
-1.0,0.0,0.0,0.0,1.0,0.0,0.0,0.0,-1.0,1.0,0.0,-0.0050000000000000044,1.0
-1.0,0.0,0.0,0.0,1.0,0.0,0.0,0.0,-1.0,1.0,0.0,-0.0050000000000000044,1.0
-1.0,0.0,0.0,0.0,1.0,0.0,0.0,0.0,-1.0,1.0,0.0,-0.0050000000000000044,1.0
-1.0,0.0,0.0,0.0,1.0,0.0,0.0,0.0,-1.0,1.0,0.0,-0.0050000000000000044,1.0
-1.0,0.0,0.0,0.0,1.0,0.0,0.0,0.0,-1.0,1.0,0.0,-0.0050000000000000044,1.0
-1.0,0.0,0.0,0.0,1.0,0.0,0.0,0.0,-1.0,1.0,0.0,-0.0050000000000000044,1.0
-1.0,0.0,0.0,0.0,1.0,0.0,0.0,0.0,-1.0,1.0,0.0,-0.0050000000000000044,1.0
-1.0,0.0,0.0,0.0,1.0,0.0,0.0,0.0,-1.0,1.0,0.0,-0.0050000000000000044,1.0
-1.0,0.0,0.0,0.0,1.0,0.0,0.0,0.0,-1.0,1.0,0.0,-0.0050000000000000044,1.0
-1.0,0.0,0.0,0.0,1.0,0.0,0.0,0.0,-1.0,1.0,0.0,-0.0050000000000000044,1.0
-1.0,0.0,0.0,0.0,1.0,0.0,0.0,0.0,-1.0,1.0,0.0,-0.0050000000000000044,1.0
-1.0,0.0,0.0,0.0,1.0,0.0,0.0,0.0,-1.0,1.0,0.0,-0.0050000000000000044,1.0
-1.0,0.0,0.0,0.0,1.0,0.0,0.0,0.0,-1.0,1.0,0.0,-0.0050000000000000044,1.0
-1.0,0.0,0.0,0.0,1.0,0.0,0.0,0.0,-1.0,1.0,0.0,-0.0050000000000000044,1.0
-1.0,0.0,0.0,0.0,1.0,0.0,0.0,0.0,-1.0,1.0,0.0,-0.005000000000000004,1.0
-1.0,0.0,0.0,0.0,1.0,0.0,0.0,0.0,-1.0,1.0,0.0,-0.0050000000000000044,1.0
-1.0,0.0,0.0,0.0,1.0,0.0,0.0,0.0,-1.0,1.0,0.0,-0.0050000000000000044,1.0
-1.0,0.0,0.0,0.0,1.0,0.0,0.0,0.0,-1.0,1.0,0.0,-0.0050000000000000044,1.0
-1.0,0.0,0.0,0.0,1.0,0.0,0.0,0.0,-1.0,1.0,0.0,-0.0050000000000000044,1.0
-1.0,0.0,0.0,0.0,1.0,0.0,0.0,0.0,-1.0,1.0,0.0,-0.0050000000000000044,1.0
-1.0,0.0,0.0,0.0,1.0,0.0,0.0,0.0,-1.0,1.0,0.0,-0.0050000000000000044,1.0
-1.0,0.0,0.0,0.0,1.0,0.0,0.0,0.0,-1.0,1.0,0.0,-0.0050000000000000044,1.0
-1.0,0.0,0.0,0.0,1.0,0.0,0.0,0.0,-1.0,1.0,0.0,-0.0050000000000000044,1.0
-1.0,0.0,0.0,0.0,1.0,0.0,0.0,0.0,-1.0,1.0,0.0,-0.0050000000000000044,1.0
-1.0,0.0,0.0,0.0,1.0,0.0,0.0,0.0,-1.0,1.0,0.0,-0.0050000000000000044,1.0
-1.0,0.0,0.0,0.0,1.0,0.0,0.0,0.0,-1.0,1.0,0.0,-0.0050000000000000044,1.0
-1.0,0.0,0.0,0.0,1.0,0.0,0.0,0.0,-1.0,1.0,0.0,-0.0050000000000000044,1.0
-1.0,0.0,0.0,0.0,1.0,0.0,0.0,0.0,-1.0,1.0,0.0,-0.0050000000000000044,1.0
-1.0,0.0,0.0,0.0,1.0,0.0,0.0,0.0,-1.0,1.0,0.0,-0.0050000000000000044,1.0
-1.0,0.0,0.0,0.0,1.0,0.0,0.0,0.0,-1.0,1.0,0.0,-0.0050000000000000044,1.0
-1.0,0.0,0.0,0.0,1.0,0.0,0.0,0.0,-1.0,1.0,0.0,-0.0050000000000000044,1.0
-1.0,0.0,0.0,0.0,1.0,0.0,0.0,0.0,-1.0,1.0,0.0,-0.0050000000000000044,1.0
-1.0,0.0,0.0,0.0,1.0,0.0,0.0,0.0,-1.0,1.0,0.0,-0.0050000000000000044,1.0
-1.0,0.0,0.0,0.0,1.0,0.0,0.0,0.0,-1.0,1.0,0.0,-0.0050000000000000044,1.0
-1.0,0.0,0.0,0.0,1.0,0.0,0.0,0.0,-1.0,1.0,0.0,-0.0050000000000000044,1.0
-1.0,0.0,0.0,0.0,1.0,0.0,0.0,0.0,-1.0,1.0,0.0,-0.0050000000000000044,1.0
-1.0,0.0,0.0,0.0,1.0,0.0,0.0,0.0,-1.0,1.0,0.0,-0.0050000000000000044,1.0
-1.0,0.0,0.0,0.0,1.0,0.0,0.0,0.0,-1.0,1.0,0.0,-0.0050000000000000044,1.0
-1.0,0.0,0.0,0.0,1.0,0.0,0.0,0.0,-1.0,1.0,0.0,-0.0050000000000000044,1.0
-1.0,0.0,0.0,0.0,1.0,0.0,0.0,0.0,-1.0,1.0,0.0,-0.0050000000000000044,1.0
-1.0,0.0,0.0,0.0,1.0,0.0,0.0,0.0,-1.0,1.0,0.0,-0.0050000000000000044,1.0
-1.0,0.0,0.0,0.0,1.0,0.0,0.0,0.0,-1.0,1.0,0.0,-0.0050000000000000044,1.0
-1.0,0.0,0.0,0.0,1.0,0.0,0.0,0.0,-1.0,1.0,0.0,-0.0050000000000000044,1.0
-1.0,0.0,0.0,0.0,1.0,0.0,0.0,0.0,-1.0,1.0,0.0,-0.0050000000000000044,1.0
-1.0,0.0,0.0,0.0,1.0,0.0,0.0,0.0,-1.0,1.0,0.0,-0.0050000000000000044,1.0
-1.0,0.0,0.0,0.0,1.0,0.0,0.0,0.0,-1.0,1.0,0.0,-0.0050000000000000044,1.0
-1.0,0.0,0.0,0.0,1.0,0.0,0.0,0.0,-1.0,1.0,0.0,-0.0050000000000000044,1.0
-1.0,0.0,0.0,0.0,1.0,0.0,0.0,0.0,-1.0,1.0,0.0,-0.0050000000000000044,1.0
-1.0,0.0,0.0,0.0,1.0,0.0,0.0,0.0,-1.0,1.0,0.0,-0.0050000000000000044,1.0
-1.0,0.0,0.0,0.0,1.0,0.0,0.0,0.0,-1.0,1.0,0.0,-0.0050000000000000044,1.0
-1.0,0.0,0.0,0.0,1.0,0.0,0.0,0.0,-1.0,1.0,0.0,-0.0050000000000000044,1.0
-1.0,0.0,0.0,0.0,1.0,0.0,0.0,0.0,-1.0,1.0,0.0,-0.0050000000000000044,1.0
-1.0,0.0,0.0,0.0,1.0,0.0,0.0,0.0,-1.0,1.0,0.0,-0.0050000000000000044,1.0
-1.0,0.0,0.0,0.0,1.0,0.0,0.0,0.0,-1.0,1.0,0.0,-0.0050000000000000044,1.0
-1.0,0.0,0.0,0.0,1.0,0.0,0.0,0.0,-1.0,1.0,0.0,-0.0050000000000000044,1.0
-1.0,0.0,0.0,0.0,1.0,0.0,0.0,0.0,-1.0,1.0,0.0,-0.0050000000000000044,1.0
-1.0,0.0,0.0,0.0,1.0,0.0,0.0,0.0,-1.0,1.0,0.0,-0.0050000000000000044,1.0
-1.0,0.0,0.0,0.0,1.0,0.0,0.0,0.0,-1.0,1.0,0.0,-0.0050000000000000044,1.0
-1.0,0.0,0.0,0.0,1.0,0.0,0.0,0.0,-1.0,1.0,0.0,-0.0050000000000000044,1.0
-1.0,0.0,0.0,0.0,1.0,0.0,0.0,0.0,-1.0,1.0,0.0,-0.0050000000000000044,1.0
-1.0,0.0,0.0,0.0,1.0,0.0,0.0,0.0,-1.0,1.0,0.0,-0.0050000000000000044,1.0
-1.0,0.0,0.0,0.0,1.0,0.0,0.0,0.0,-1.0,1.0,0.0,-0.0050000000000000044,1.0
-1.0,0.0,0.0,0.0,1.0,0.0,0.0,0.0,-1.0,1.0,0.0,-0.0050000000000000044,1.0
-1.0,0.0,0.0,0.0,1.0,0.0,0.0,0.0,-1.0,1.0,0.0,-0.0050000000000000044,1.0
-1.0,0.0,0.0,0.0,1.0,0.0,0.0,0.0,-1.0,1.0,0.0,-0.0050000000000000044,1.0
-1.0,0.0,0.0,0.0,1.0,0.0,0.0,0.0,-1.0,1.0,0.0,-0.0050000000000000044,1.0
-1.0,0.0,0.0,0.0,1.0,0.0,0.0,0.0,-1.0,1.0,0.0,-0.0050000000000000044,1.0
-1.0,0.0,0.0,0.0,1.0,0.0,0.0,0.0,-1.0,1.0,0.0,-0.0050000000000000044,1.0
-1.0,0.0,0.0,0.0,1.0,0.0,0.0,0.0,-1.0,1.0,0.0,-0.0050000000000000044,1.0
-1.0,0.0,0.0,0.0,1.0,0.0,0.0,0.0,-1.0,1.0,0.0,-0.0050000000000000044,1.0
-1.0,0.0,0.0,0.0,1.0,0.0,0.0,0.0,-1.0,1.0,0.0,-0.0050000000000000044,1.0
-1.0,0.0,0.0,0.0,1.0,0.0,0.0,0.0,-1.0,1.0,0.0,-0.0050000000000000044,1.0
-1.0,0.0,0.0,0.0,1.0,0.0,0.0,0.0,-1.0,1.0,0.0,-0.004990583994764091,1.0
-1.0,0.0,0.0,0.0,1.0,0.0,0.0,0.0,-1.0,1.0,0.0,-0.004926292996965555,1.0
-1.0,0.0,0.0,0.0,1.0,0.0,0.0,0.0,-1.0,1.0,0.0,-0.004756646254536805,1.0
-1.0,0.0,0.0,0.0,1.0,0.0,0.0,0.0,-1.0,1.0,0.0,-0.004435828214434466,1.0
-1.0,0.0,0.0,0.0,1.0,0.0,0.0,0.0,-1.0,1.0,0.0,-0.003922547152971979,1.0
-1.0,0.0,0.0,0.0,1.0,0.0,0.0,0.0,-1.0,1.0,0.0,-0.0031798938061522028,1.0
-1.0,0.0,0.0,0.0,1.0,0.0,0.0,0.0,-1.0,1.0,0.0,-0.0021752000000000026,1.0
-1.0,0.0,0.0,0.0,1.0,0.0,0.0,0.0,-1.0,1.0,0.0,-0.0008798972808948674,1.0
-1.0,0.0,0.0,0.0,1.0,0.0,0.0,0.0,-1.0,1.0,0.0,0.0007306244540965061,1.0
-1.0,0.0,0.0,0.0,1.0,0.0,0.0,0.0,-1.0,1.0,0.0,0.0026771583268876053,1.0
-1.0,0.0,0.0,0.0,1.0,0.0,0.0,0.0,-1.0,1.0,0.0,0.004976821848039509,1.0
-1.0,0.0,0.0,0.0,1.0,0.0,0.0,0.0,-1.0,1.0,0.0,0.00764319828642827,1.0
-1.0,0.0,0.0,0.0,1.0,0.0,0.0,0.0,-1.0,1.0,0.0,0.010686478038912355,1.0
-1.0,0.0,0.0,0.0,1.0,0.0,0.0,0.0,-1.0,1.0,0.0,0.01411360000000001,1.0
-1.0,0.0,0.0,0.0,1.0,0.0,0.0,0.0,-1.0,1.0,0.0,0.01792839293151663,1.0
-1.0,0.0,0.0,0.0,1.0,0.0,0.0,0.0,-1.0,1.0,0.0,0.022131716832272268,1.0
-1.0,0.0,0.0,0.0,1.0,0.0,0.0,0.0,-1.0,1.0,0.0,0.02672160430772893,1.0
-1.0,0.0,0.0,0.0,1.0,0.0,0.0,0.0,-1.0,1.0,0.0,0.031693401939668006,1.0
-1.0,0.0,0.0,0.0,1.0,0.0,0.0,0.0,-1.0,1.0,0.0,0.03703991165585768,1.0
-1.0,0.0,0.0,0.0,1.0,0.0,0.0,0.0,-1.0,1.0,0.0,0.04275153209972037,1.0
-1.0,0.0,0.0,0.0,1.0,0.0,0.0,0.0,-1.0,1.0,0.0,0.04881639999999998,1.0
-1.0,0.0,0.0,0.0,1.0,0.0,0.0,0.0,-1.0,1.0,0.0,0.05522053154042961,1.0
-1.0,0.0,0.0,0.0,1.0,0.0,0.0,0.0,-1.0,1.0,0.0,0.06194796372939849,1.0
-1.0,0.0,0.0,0.0,1.0,0.0,0.0,0.0,-1.0,1.0,0.0,0.0689808957696198,1.0
-1.0,0.0,0.0,0.0,1.0,0.0,0.0,0.0,-1.0,1.0,0.0,0.07629983042779795,1.0
-1.0,0.0,0.0,0.0,1.0,0.0,0.0,0.0,-1.0,1.0,0.0,0.08388371540429583,1.0
-1.0,0.0,0.0,0.0,1.0,0.0,0.0,0.0,-1.0,1.0,0.0,0.09171008470280242,1.0
-1.0,0.0,0.0,0.0,1.0,0.0,0.0,0.0,-1.0,1.0,0.0,0.09975520000000007,1.0
-1.0,0.0,0.0,0.0,1.0,0.0,0.0,0.0,-1.0,1.0,0.0,0.10799419201523172,1.0
-1.0,0.0,0.0,0.0,1.0,0.0,0.0,0.0,-1.0,1.0,0.0,0.11640120188016899,1.0
-1.0,0.0,0.0,0.0,1.0,0.0,0.0,0.0,-1.0,1.0,0.0,0.12494952250847867,1.0
-1.0,0.0,0.0,0.0,1.0,0.0,0.0,0.0,-1.0,1.0,0.0,0.13361173996549058,1.0
-1.0,0.0,0.0,0.0,1.0,0.0,0.0,0.0,-1.0,1.0,0.0,0.14235987483786516,1.0
-1.0,0.0,0.0,0.0,1.0,0.0,0.0,0.0,-1.0,1.0,0.0,0.15116552360326058,1.0
-1.0,0.0,0.0,0.0,1.0,0.0,0.0,0.0,-1.0,1.0,0.0,0.1600000000000001,1.0
-1.0,0.0,0.0,0.0,1.0,0.0,0.0,0.0,-1.0,1.0,0.0,0.16883447639673954,1.0
-1.0,0.0,0.0,0.0,1.0,0.0,0.0,0.0,-1.0,1.0,0.0,0.17764012516213484,1.0
-1.0,0.0,0.0,0.0,1.0,0.0,0.0,0.0,-1.0,1.0,0.0,0.18638826003450948,1.0
-1.0,0.0,0.0,0.0,1.0,0.0,0.0,0.0,-1.0,1.0,0.0,0.19505047749152135,1.0
-1.0,0.0,0.0,0.0,1.0,0.0,0.0,0.0,-1.0,1.0,0.0,0.20359879811983106,1.0
-1.0,0.0,0.0,0.0,1.0,0.0,0.0,0.0,-1.0,1.0,0.0,0.21200580798476823,1.0
-1.0,0.0,0.0,0.0,1.0,0.0,0.0,0.0,-1.0,1.0,0.0,0.22024479999999988,1.0
-1.0,0.0,0.0,0.0,1.0,0.0,0.0,0.0,-1.0,1.0,0.0,0.22828991529719758,1.0
-1.0,0.0,0.0,0.0,1.0,0.0,0.0,0.0,-1.0,1.0,0.0,0.23611628459570433,1.0
-1.0,0.0,0.0,0.0,1.0,0.0,0.0,0.0,-1.0,1.0,0.0,0.24370016957220222,1.0
-1.0,0.0,0.0,0.0,1.0,0.0,0.0,0.0,-1.0,1.0,0.0,0.25101910423038026,1.0
-1.0,0.0,0.0,0.0,1.0,0.0,0.0,0.0,-1.0,1.0,0.0,0.2580520362706014,1.0
-1.0,0.0,0.0,0.0,1.0,0.0,0.0,0.0,-1.0,1.0,0.0,0.26477946845957046,1.0
-1.0,0.0,0.0,0.0,1.0,0.0,0.0,0.0,-1.0,1.0,0.0,0.27118359999999986,1.0
-1.0,0.0,0.0,0.0,1.0,0.0,0.0,0.0,-1.0,1.0,0.0,0.27724846790027974,1.0
-1.0,0.0,0.0,0.0,1.0,0.0,0.0,0.0,-1.0,1.0,0.0,0.2829600883441422,1.0
-1.0,0.0,0.0,0.0,1.0,0.0,0.0,0.0,-1.0,1.0,0.0,0.2883065980603321,1.0
-1.0,0.0,0.0,0.0,1.0,0.0,0.0,0.0,-1.0,1.0,0.0,0.293278395692271,1.0
-1.0,0.0,0.0,0.0,1.0,0.0,0.0,0.0,-1.0,1.0,0.0,0.2978682831677277,1.0
-1.0,0.0,0.0,0.0,1.0,0.0,0.0,0.0,-1.0,1.0,0.0,0.3020716070684832,1.0
-1.0,0.0,0.0,0.0,1.0,0.0,0.0,0.0,-1.0,1.0,0.0,0.3058864000000003,1.0
-1.0,0.0,0.0,0.0,1.0,0.0,0.0,0.0,-1.0,1.0,0.0,0.3093135219610874,1.0
-1.0,0.0,0.0,0.0,1.0,0.0,0.0,0.0,-1.0,1.0,0.0,0.3123568017135717,1.0
-1.0,0.0,0.0,0.0,1.0,0.0,0.0,0.0,-1.0,1.0,0.0,0.31502317815196057,1.0
-1.0,0.0,0.0,0.0,1.0,0.0,0.0,0.0,-1.0,1.0,0.0,0.31732284167311253,1.0
-1.0,0.0,0.0,0.0,1.0,0.0,0.0,0.0,-1.0,1.0,0.0,0.3192693755459033,1.0
-1.0,0.0,0.0,0.0,1.0,0.0,0.0,0.0,-1.0,1.0,0.0,0.3208798972808954,1.0
-1.0,0.0,0.0,0.0,1.0,0.0,0.0,0.0,-1.0,1.0,0.0,0.32217520000000055,1.0
-1.0,0.0,0.0,0.0,1.0,0.0,0.0,0.0,-1.0,1.0,0.0,0.3231798938061523,1.0
-1.0,0.0,0.0,0.0,1.0,0.0,0.0,0.0,-1.0,1.0,0.0,0.32392254715297175,1.0
-1.0,0.0,0.0,0.0,1.0,0.0,0.0,0.0,-1.0,1.0,0.0,0.3244358282144343,1.0
-1.0,0.0,0.0,0.0,1.0,0.0,0.0,0.0,-1.0,1.0,0.0,0.32475664625453693,1.0
-1.0,0.0,0.0,0.0,1.0,0.0,0.0,0.0,-1.0,1.0,0.0,0.32492629299696557,1.0
-1.0,0.0,0.0,0.0,1.0,0.0,0.0,0.0,-1.0,1.0,0.0,0.32499058399476377,1.0
-1.0,0.0,0.0,0.0,1.0,0.0,0.0,0.0,-1.0,1.0,0.0,0.325,1.0
-1.0,0.0,0.0,0.0,1.0,0.0,0.0,0.0,-1.0,1.0,0.0,0.325,1.0
-1.0,0.0,0.0,0.0,1.0,0.0,0.0,0.0,-1.0,0.9999994947656988,-5.052343011213327e-07,0.32499999999999996,1.0
-0.9999999999800689,6.313650348926286e-06,0.0,6.313650348926286e-06,0.9999999999800689,0.0,0.0,0.0,-1.0,0.999995980605352,-4.0193946479686565e-06,0.325,1.0
-0.9999999997754973,2.1189749563550734e-05,0.0,2.1189749563550734e-05,0.9999999997754973,0.0,0.0,0.0,-1.0,0.9999865101864553,-1.3489813544683225e-05,0.325,1.0
-0.9999999987526612,4.994674697811855e-05,0.0,4.994674697811855e-05,0.9999999987526612,0.0,0.0,0.0,-1.0,0.999968202913295,-3.179708670493159e-05,0.325,1.0
-0.9999999952949733,9.700542995352311e-05,0.0,9.700542995352311e-05,0.9999999952949733,0.0,0.0,0.0,-1.0,0.9999382444251678,-6.175557483228512e-05,0.32500000000000007,1.0
-0.9999999861083333,0.0001666833320532864,0.0,0.0001666833320532864,0.9999999861083333,0.0,0.0,0.0,-1.0,0.9998938860945994,-0.00010611390540059948,0.325,1.0
-0.9999999653640583,0.0002631955207372477,0.0,0.0002631955207372477,0.9999999653640583,0.0,0.0,0.0,-1.0,0.9998324445255656,-0.0001675554744343942,0.32500000000000007,1.0
-0.9999999236941823,0.0003906553845140531,0.0,0.0003906553845140531,0.9999999236941823,0.0,0.0,0.0,-1.0,0.9997513010517107,-0.000248698948289232,0.325,1.0
-0.9999998470537786,0.000553075419212825,0.0,0.000553075419212825,0.9999998470537786,0.0,0.0,0.0,-1.0,0.9996479012345679,-0.00035209876543209874,0.325,1.0
-0.99999971546441,0.0007543680129298557,0.0,0.0007543680129298557,0.99999971546441,0.0,0.0,0.0,-1.0,0.9995197543617782,-0.00048024563822178225,0.325,1.0
-0.9999995016522792,0.0009983462290965065,0.0,0.0009983462290965065,0.9999995016522792,0.0,0.0,0.0,-1.0,0.9993644329453107,-0.0006355670546892524,0.325,1.0
-0.9999991695941246,0.0012887245870024607,0.0,0.0012887245870024607,0.9999991695941246,0.0,0.0,0.0,-1.0,0.999179572219682,-0.0008204277803180407,0.325,1.0
-0.9999986729833946,0.0016291198389965728,0.0,0.0016291198389965728,0.9999986729833946,0.0,0.0,0.0,-1.0,0.9989628696401753,-0.0010371303598246194,0.325,1.0
-0.9999979536287278,0.0020230517434780258,0.0,0.0020230517434780258,0.9999979536287278,0.0,0.0,0.0,-1.0,0.9987120843810612,-0.0012879156189387804,0.325,1.0
-0.9999969397962739,0.0024739438326853128,0.0,0.0024739438326853128,0.9999969397962739,0.0,0.0,0.0,-1.0,0.998425036833816,-0.0015749631661840164,0.325,1.0
-0.9999955445069066,0.0029851241741914738,0.0,0.0029851241741914738,0.9999955445069066,0.0,0.0,0.0,-1.0,0.9980996081053422,-0.001900391894657899,0.325,1.0
-0.9999936637989064,0.0035598261249225865,0.0,0.0035598261249225865,0.9999936637989064,0.0,0.0,0.0,-1.0,0.9977337395161875,-0.00226626048381246,0.325,1.0
-0.9999911749662315,0.004201189076434014,0.0,0.004201189076434014,0.9999911749662315,0.0,0.0,0.0,-1.0,0.9973254320987655,-0.002674567901234568,0.325,1.0
-0.9999879347820398,0.004912259190106565,0.0,0.004912259190106565,0.9999879347820398,0.0,0.0,0.0,-1.0,0.9968727460955737,-0.003127253904426308,0.325,1.0
-0.9999837777166902,0.005695990120863409,0.0,0.005695990120863409,0.9999837777166902,0.0,0.0,0.0,-1.0,0.9963738004574146,-0.0036261995425853682,0.325,1.0
-0.9999785141590128,0.006555243727959046,0.0,0.006555243727959046,0.9999785141590128,0.0,0.0,0.0,-1.0,0.9958267723416145,-0.004173227658385406,0.325,1.0
-0.999971928649228,0.007492790771354721,0.0,0.007492790771354721,0.999971928649228,0.0,0.0,0.0,-1.0,0.9952298966102435,-0.0047701033897564445,0.325,1.0
-0.9999637781314786,0.008511311592170435,0.0,0.008511311592170435,0.9999637781314786,0.0,0.0,0.0,-1.0,0.9945814653283348,-0.005418534671665235,0.325,1.0
-0.9999537902335452,0.009613396775693023,0.0,0.009613396775693023,0.9999537902335452,0.0,0.0,0.0,-1.0,0.9938798272621043,-0.006120172737895645,0.325,1.0
-0.999941661580926,0.010801547795422289,0.0,0.010801547795422289,0.999941661580926,0.0,0.0,0.0,-1.0,0.993123387377171,-0.0068766126228290425,0.325,1.0
-0.9999270561520862,0.012078177636653364,0.0,0.012078177636653364,0.9999270561520862,0.0,0.0,0.0,-1.0,0.9923106063367754,-0.007689393663224661,0.325,1.0
-0.9999096036813181,0.01344561139812338,0.0,0.01344561139812338,0.9999096036813181,0.0,0.0,0.0,-1.0,0.99144,-0.008560000000000002,0.325,1.0
-0.9998888981152932,0.014906086870293253,0.0,0.014906086870293253,0.9998888981152932,0.0,0.0,0.0,-1.0,0.9905101389199888,-0.00948986108001118,0.325,1.0
-0.9998644961290472,0.01646175508889227,0.0,0.01646175508889227,0.9998644961290472,0.0,0.0,0.0,-1.0,0.9895196478421666,-0.010480352157833342,0.325,1.0
-0.9998359157067986,0.018114680862421743,0.0,0.018114680862421743,0.9998359157067986,0.0,0.0,0.0,-1.0,0.988467205202459,-0.011532794797541024,0.325,1.0
-0.9998026347926825,0.019866843272396104,0.0,0.019866843272396104,0.9998026347926825,0.0,0.0,0.0,-1.0,0.9873515426255115,-0.012648457374488518,0.32500000000000007,1.0
-0.9997640900161568,0.021720136145193584,0.0,0.021720136145193584,0.9997640900161568,0.0,0.0,0.0,-1.0,0.9861714444229097,-0.013828555577090293,0.325,1.0
-0.9997196754965428,0.023676368494493515,0.0,0.023676368494493515,0.9997196754965428,0.0,0.0,0.0,-1.0,0.9849257470913987,-0.015074252908601333,0.325,1.0
-0.9996687417308537,0.025737264933394108,0.0,0.025737264933394108,0.9996687417308537,0.0,0.0,0.0,-1.0,0.9836133388111025,-0.016386661188897523,0.325,1.0
-0.9996105945687858,0.027904466055430826,0.0,0.027904466055430826,0.9996105945687858,0.0,0.0,0.0,-1.0,0.982233158943744,-0.01776684105625606,0.325,1.0
-0.9995444942784611,0.030179528783851873,0.0,0.030179528783851873,0.9995444942784611,0.0,0.0,0.0,-1.0,0.9807841975308642,-0.019215802469135804,0.325,1.0
-0.9994696547062427,0.03256392668865273,0.0,0.03256392668865273,0.9994696547062427,0.0,0.0,0.0,-1.0,0.9792654947920424,-0.02073450520795764,0.32500000000000007,1.0
-0.9993852425336757,0.03505905027102527,0.0,0.03505905027102527,0.9993852425336757,0.0,0.0,0.0,-1.0,0.977676140623115,-0.02232385937688493,0.32499999999999996,1.0
-0.9992903766343564,0.03766620721503775,0.0,0.03766620721503775,0.9992903766343564,0.0,0.0,0.0,-1.0,0.9760152740943961,-0.023984725905603816,0.325,1.0
-0.9991841275332779,0.0403866226065301,0.0,0.0403866226065301,0.9991841275332779,0.0,0.0,0.0,-1.0,0.9742820829488964,-0.025717917051103607,0.325,1.0
-0.999065516970959,0.04322143911938259,0.0,0.04322143911938259,0.999065516970959,0.0,0.0,0.0,-1.0,0.9724758031005428,-0.02752419689945722,0.325,1.0
-0.998933517574428,0.046171717169494024,0.0,0.046171717169494024,0.998933517574428,0.0,0.0,0.0,-1.0,0.9705957181323985,-0.029404281867601467,0.325,1.0
-0.9987870526369013,0.049238435036989714,0.0,0.049238435036989714,0.9987870526369013,0.0,0.0,0.0,-1.0,0.9686411587948824,-0.03135884120511756,0.325,1.0
-0.9986249960077682,0.05242248895736423,0.0,0.05242248895736423,0.9986249960077682,0.0,0.0,0.0,-1.0,0.9666115025039886,-0.03338849749601135,0.325,1.0
-0.9984461720942803,0.05572469318245438,0.0,0.05572469318245438,0.9984461720942803,0.0,0.0,0.0,-1.0,0.9645061728395061,-0.03549382716049382,0.325,1.0
-0.9982493559761175,0.0591457800123269,0.0,0.0591457800123269,0.9982493559761175,0.0,0.0,0.0,-1.0,0.9623246390432386,-0.03767536095676137,0.325,1.0
-0.9980332736337978,0.06268639979935765,0.0,0.06268639979935765,0.9980332736337978,0.0,0.0,0.0,-1.0,0.9600664155172237,-0.03993358448277628,0.325,1.0
-0.9977966022916869,0.0663471209259694,0.0,0.0663471209259694,0.9977966022916869,0.0,0.0,0.0,-1.0,0.957731061321953,-0.04226893867804704,0.325,1.0
-0.9975379708761574,0.07012842975768621,0.0,0.07012842975768621,0.9975379708761574,0.0,0.0,0.0,-1.0,0.9553181796745912,-0.044681820325408746,0.325,1.0
-0.997255960589244,0.07403073057335077,0.0,0.07403073057335077,0.997255960589244,0.0,0.0,0.0,-1.0,0.9528274174471965,-0.0471725825528035,0.325,1.0
-0.9969491055979446,0.07805434547453628,0.0,0.07805434547453628,0.9969491055979446,0.0,0.0,0.0,-1.0,0.9502584646649392,-0.04974153533506071,0.32499999999999996,1.0
-0.9966158938391105,0.082199514276368,0.0,0.082199514276368,0.9966158938391105,0.0,0.0,0.0,-1.0,0.9476110540043224,-0.05238894599567757,0.32500000000000007,1.0
-0.9962547679396827,0.08646639438214707,0.0,0.08646639438214707,0.9962547679396827,0.0,0.0,0.0,-1.0,0.9448849602914006,-0.05511503970859942,0.325,1.0
-0.9958641262518261,0.09085506064434185,0.0,0.09085506064434185,0.9958641262518261,0.0,0.0,0.0,-1.0,0.94208,-0.057920000000000006,0.325,1.0
-0.9954423240023244,0.09536550521468133,0.0,0.09536550521468133,0.9954423240023244,0.0,0.0,0.0,-1.0,0.939196030749938,-0.06080396925006207,0.32500000000000007,1.0
-0.9949876745554035,0.09999763738624302,0.0,0.09999763738624302,0.9949876745554035,0.0,0.0,0.0,-1.0,0.9362329508052425,-0.06376704919475748,0.325,1.0
-0.9944984507879564,0.10475128343058426,0.0,0.10475128343058426,0.9944984507879564,0.0,0.0,0.0,-1.0,0.9331906985723721,-0.0668093014276279,0.32500000000000007,1.0
-0.9939728865759535,0.10962618643310809,0.0,0.10962618643310809,0.9939728865759535,0.0,0.0,0.0,-1.0,0.930069252098435,-0.0699307479015649,0.325,1.0
-0.9934091783906244,0.11462200612999474,0.0,0.11462200612999474,0.9934091783906244,0.0,0.0,0.0,-1.0,0.9268686285694095,-0.07313137143059048,0.325,1.0
-0.9928054870028099,0.1197383187501542,0.0,0.1197383187501542,0.9928054870028099,0.0,0.0,0.0,-1.0,0.9235888838083626,-0.07641111619163743,0.325,1.0
-0.9921599392936872,0.12497461686577427,0.0,0.12497461686577427,0.9921599392936872,0.0,0.0,0.0,-1.0,0.9202301117736703,-0.0797698882263297,0.325,1.0
-0.9914706301698797,0.13033030925514447,0.0,0.13033030925514447,0.9914706301698797,0.0,0.0,0.0,-1.0,0.9167924440572373,-0.08320755594276272,0.325,1.0
-0.9907356245807709,0.13580472078153166,0.0,0.13580472078153166,0.9907356245807709,0.0,0.0,0.0,-1.0,0.9132760493827161,-0.08672395061728393,0.325,1.0
-0.9899529596356471,0.1413970922919661,0.0,0.1413970922919661,0.9899529596356471,0.0,0.0,0.0,-1.0,0.909681133103727,-0.09031886689627298,0.325,1.0
-0.9891206468181053,0.14710658053986933,0.0,0.14710658053986933,0.9891206468181053,0.0,0.0,0.0,-1.0,0.9060079367020777,-0.09399206329792226,0.325,1.0
-0.9882366742949651,0.15293225813551267,0.0,0.15293225813551267,0.9882366742949651,0.0,0.0,0.0,-1.0,0.9022567372859829,-0.09774326271401718,0.32500000000000007,1.0
-0.9872990093167374,0.1588731135283398,0.0,0.1588731135283398,0.9872990093167374,0.0,0.0,0.0,-1.0,0.8984278470882835,-0.10157215291171655,0.325,1.0
-0.9863056007065062,0.1649280510252212,0.0,0.1649280510252212,0.9863056007065062,0.0,0.0,0.0,-1.0,0.8945216129646669,-0.10547838703533306,0.325,1.0
-0.9852543814338924,0.17109589084872237,0.0,0.17109589084872237,0.9852543814338924,0.0,0.0,0.0,-1.0,0.8905384158918864,-0.10946158410811355,0.325,1.0
-0.9841432712705809,0.1773753692394745,0.0,0.1773753692394745,0.9841432712705809,0.0,0.0,0.0,-1.0,0.8864786704659804,-0.11352132953401955,0.325,1.0
-0.9829701795236986,0.18376513860672228,0.0,0.18376513860672228,0.9829701795236986,0.0,0.0,0.0,-1.0,0.8823428244004927,-0.11765717559950734,0.325,1.0
-0.9817330078431538,0.1902637677311008,0.0,0.1902637677311008,0.9817330078431538,0.0,0.0,0.0,-1.0,0.8781313580246913,-0.12186864197530864,0.325,1.0
-0.9804296530988553,0.19686974202364926,0.0,0.19686974202364926,0.9804296530988553,0.0,0.0,0.0,-1.0,0.8738447837817891,-0.12615521621821088,0.325,1.0
-0.9790580103235561,0.20358146384501588,0.0,0.20358146384501588,0.9790580103235561,0.0,0.0,0.0,-1.0,0.8694836457271624,-0.1305163542728376,0.325,1.0
-0.9776159757168831,0.21039725288873604,0.0,0.21039725288873604,0.9776159757168831,0.0,0.0,0.0,-1.0,0.8650485190265712,-0.1349514809734288,0.325,1.0
-0.9761014497059457,0.2173153466323793,0.0,0.2173153466323793,0.9761014497059457,0.0,0.0,0.0,-1.0,0.8605400094543787,-0.1394599905456213,0.325,1.0
-0.9745123400577432,0.224333900860261,0.0,0.224333900860261,0.9745123400577432,0.0,0.0,0.0,-1.0,0.8559587528917708,-0.1440412471082292,0.325,1.0
-0.9728465650384269,0.2314509902612943,0.0,0.2314509902612943,0.9728465650384269,0.0,0.0,0.0,-1.0,0.8513054148249759,-0.14869458517502412,0.325,1.0
-0.9711020566143148,0.23866460910543064,0.0,0.23866460910543064,0.9711020566143148,0.0,0.0,0.0,-1.0,0.8465806898434842,-0.15341931015651572,0.325,1.0
-0.9692767636894029,0.24597267200198775,0.0,0.24597267200198775,0.9692767636894029,0.0,0.0,0.0,-1.0,0.8417853011382679,-0.1582146988617321,0.32499999999999996,1.0
-0.9673686553739698,0.2533730147430026,0.0,0.2533730147430026,0.9673686553739698,0.0,0.0,0.0,-1.0,0.8369200000000001,-0.16307999999999995,0.325,1.0
-0.9653757242787337,0.26086339523457547,0.0,0.26086339523457547,0.9653757242787337,0.0,0.0,0.0,-1.0,0.8319855653172747,-0.1680144346827253,0.325,1.0
-0.9632959898288891,0.26844149451897503,0.0,0.26844149451897503,0.9632959898288891,0.0,0.0,0.0,-1.0,0.8269828030748265,-0.17301719692517345,0.325,1.0
-0.9611275015922249,0.2761049178900797,0.0,0.2761049178900797,0.9611275015922249,0.0,0.0,0.0,-1.0,0.8219125458517503,-0.1780874541482497,0.325,1.0
-0.9588683426154189,0.28385119610450754,0.0,0.28385119610450754,0.9588683426154189,0.0,0.0,0.0,-1.0,0.8167756523197203,-0.1832243476802797,0.325,1.0
-0.9565166327624919,0.2916777866905609,0.0,0.2916777866905609,0.9565166327624919,0.0,0.0,0.0,-1.0,0.8115730067412104,-0.1884269932587896,0.325,1.0
-0.9540705320493178,0.2995820753568738,0.0,0.2995820753568738,0.9540705320493178,0.0,0.0,0.0,-1.0,0.8063055184677133,-0.19369448153228672,0.325,1.0
-0.9515282439680026,0.3075613775023926,0.0,0.3075613775023926,0.9515282439680026,0.0,0.0,0.0,-1.0,0.8009741214379604,-0.19902587856203952,0.325,1.0
-0.9488880187948713,0.3156129398290635,0.0,0.3156129398290635,0.9488880187948713,0.0,0.0,0.0,-1.0,0.7955797736761414,-0.20442022632385864,0.325,1.0
-0.9461481568757505,0.32373394205832096,0.0,0.32373394205832096,0.9461481568757505,0.0,0.0,0.0,-1.0,0.7901234567901235,-0.2098765432098765,0.325,1.0
-0.9433070118821847,0.33192149875219573,0.0,0.33192149875219573,0.9433070118821847,0.0,0.0,0.0,-1.0,0.7846061754696717,-0.2153938245303283,0.325,1.0
-0.9403629940321943,0.3401726612395643,0.0,0.3401726612395643,0.9403629940321943,0.0,0.0,0.0,-1.0,0.7790289569846679,-0.22097104301533207,0.325,1.0
-0.9373145732691661,0.34848441964776716,0.0,0.34848441964776716,0.9373145732691661,0.0,0.0,0.0,-1.0,0.7733928506833307,-0.2266071493166692,0.32499999999999996,1.0
-0.9341602823924655,0.3568537050395149,0.0,0.3568537050395149,0.9341602823924655,0.0,0.0,0.0,-1.0,0.7676989274904353,-0.23230107250956464,0.325,1.0
-0.9308987201333683,0.3652773916546943,0.0,0.3652773916546943,0.9308987201333683,0.0,0.0,0.0,-1.0,0.7619482794055323,-0.2380517205944676,0.325,1.0
-0.9275285541699408,0.3737522992563645,0.0,0.3737522992563645,0.9275285541699408,0.0,0.0,0.0,-1.0,0.7561420190011685,-0.24385798099883146,0.325,1.0
-0.9240485240745386,0.3822751955799209,0.0,0.3822751955799209,0.9240485240745386,0.0,0.0,0.0,-1.0,0.7502812789211053,-0.24971872107889467,0.325,1.0
-0.920457444187651,0.3908427988840749,0.0,0.3908427988840749,0.920457444187651,0.0,0.0,0.0,-1.0,0.7443672113785392,-0.25563278862146077,0.325,1.0
-0.9167542064118981,0.39945178060197833,0.0,0.39945178060197833,0.9167542064118981,0.0,0.0,0.0,-1.0,0.738400987654321,-0.26159901234567895,0.325,1.0
-0.9129377829200748,0.40809876809049345,0.0,0.40809876809049345,0.9129377829200748,0.0,0.0,0.0,-1.0,0.7323837975951757,-0.2676162024048243,0.325,1.0
-0.9090072287712454,0.4167803474752866,0.0,0.4167803474752866,0.9090072287712454,0.0,0.0,0.0,-1.0,0.7263168491119218,-0.2736831508880781,0.325,1.0
-0.9049616844290169,0.42549306658910013,0.0,0.42549306658910013,0.9049616844290169,0.0,0.0,0.0,-1.0,0.7202013676776914,-0.2797986323223086,0.325,1.0
-0.9008003781762617,0.43423343800023506,0.0,0.43423343800023506,0.9008003781762617,0.0,0.0,0.0,-1.0,0.7140385958261489,-0.2859614041738511,0.325,1.0
-0.8965226284207161,0.44299794212796373,0.0,0.44299794212796373,0.8965226284207161,0.0,0.0,0.0,-1.0,0.7078297926497119,-0.29217020735028804,0.325,1.0
-0.8921278458860559,0.45178303044127915,0.0,0.45178303044127915,0.8921278458860559,0.0,0.0,0.0,-1.0,0.7015762332977696,-0.29842376670223036,0.325,1.0
-0.8876155356832424,0.4605851287370781,0.0,0.4605851287370781,0.8876155356832424,0.0,0.0,0.0,-1.0,0.6952792084749033,-0.30472079152509673,0.325,1.0
-0.8829852992571346,0.46940064049358554,0.0,0.46940064049358554,0.8829852992571346,0.0,0.0,0.0,-1.0,0.6889400239391057,-0.31105997606089436,0.325,1.0
-0.8782368362035909,0.47822595029453063,0.0,0.47822595029453063,0.8782368362035909,0.0,0.0,0.0,-1.0,0.68256,-0.31744000000000006,0.325,1.0
-0.8733699459525157,0.48705742731930474,0.0,0.48705742731930474,0.8733699459525157,0.0,0.0,0.0,-1.0,0.6761404710170607,-0.3238595289829393,0.325,1.0
-0.8683845293125608,0.4958914288940697,0.0,0.4958914288940697,0.8683845293125608,0.0,0.0,0.0,-1.0,0.6696827848978322,-0.3303172151021678,0.325,1.0
-0.8632805898734609,0.5047243040985142,0.0,0.5047243040985142,0.8632805898734609,0.0,0.0,0.0,-1.0,0.663188302596149,-0.336811697403851,0.325,1.0
-0.8580582352622529,0.5135523974227248,0.0,0.5135523974227248,0.8580582352622529,0.0,0.0,0.0,-1.0,0.6566583976103546,-0.34334160238964545,0.325,1.0
-0.8527176782499367,0.5223720524683891,0.0,0.5223720524683891,0.8527176782499367,0.0,0.0,0.0,-1.0,0.6500944554815222,-0.3499055445184778,0.325,1.0
-0.847259237705423,0.5311796156883521,0.0,0.5311796156883521,0.847259237705423,0.0,0.0,0.0,-1.0,0.6434978732916731,-0.3565021267083269,0.325,1.0
-0.8416833393939487,0.5399714401583208,0.0,0.5399714401583208,0.8416833393939487,0.0,0.0,0.0,-1.0,0.6368700591619975,-0.36312994083800254,0.325,1.0
-0.8359905166174498,0.5487438893743505,0.0,0.5487438893743505,0.8359905166174498,0.0,0.0,0.0,-1.0,0.6302124317510736,-0.3697875682489265,0.32500000000000007,1.0
-0.8301814106947352,0.5574933410695588,0.0,0.5574933410695588,0.8301814106947352,0.0,0.0,0.0,-1.0,0.6235264197530866,-0.37647358024691335,0.325,1.0
-0.8242567712796393,0.5662161910433722,0.0,0.5662161910433722,0.8242567712796393,0.0,0.0,0.0,-1.0,0.6168134613960492,-0.38318653860395074,0.325,1.0
-0.8182174565156923,0.5749088569964731,0.0,0.5749088569964731,0.8182174565156923,0.0,0.0,0.0,-1.0,0.6100750039400215,-0.38992499605997855,0.325,1.0
-0.8120644330262017,0.5835677823645112,0.0,0.5835677823645112,0.8120644330262017,0.0,0.0,0.0,-1.0,0.603312503175329,-0.3966874968246709,0.32499999999999996,1.0
-0.8057987757390106,0.5921894401435336,0.0,0.5921894401435336,0.8057987757390106,0.0,0.0,0.0,-1.0,0.5965274229207842,-0.40347257707921574,0.325,1.0
-0.7994216675455652,0.6007703367000302,0.0,0.6007703367000302,0.7994216675455652,0.0,0.0,0.0,-1.0,0.5897212345219047,-0.4102787654780953,0.325,1.0
-0.7929343987943015,0.609307015558429,0.0,0.609307015558429,0.7929343987943015,0.0,0.0,0.0,-1.0,0.5828954163491339,-0.4171045836508661,0.325,1.0
-0.7863383666187298,0.6177960611588488,0.0,0.6177960611588488,0.7863383666187298,0.0,0.0,0.0,-1.0,0.5760514532960596,-0.42394854670394044,0.325,1.0
-0.7796350741009876,0.6262341025778998,0.0,0.6262341025778998,0.7796350741009876,0.0,0.0,0.0,-1.0,0.5691908362776344,-0.43080916372236555,0.325,1.0
-0.7728261292719911,0.634617817205341,0.0,0.634617817205341,0.7728261292719911,0.0,0.0,0.0,-1.0,0.5623150617283952,-0.4376849382716049,0.32500000000000007,1.0
-0.7659132439497054,0.6429439343694279,0.0,0.6429439343694279,0.7659132439497054,0.0,0.0,0.0,-1.0,0.5554256311006824,-0.44457436889931756,0.325,1.0
-0.7588982324174177,0.6512092389038404,0.0,0.6512092389038404,0.7588982324174177,0.0,0.0,0.0,-1.0,0.5485240503628606,-0.45147594963713944,0.325,1.0
-0.7517830099442709,0.6594105746491576,0.0,0.6594105746491576,0.7517830099442709,0.0,0.0,0.0,-1.0,0.5416118294975358,-0.45838817050246417,0.325,1.0
-0.7445695911506807,0.6675448478819294,0.0,0.6675448478819294,0.7445695911506807,0.0,0.0,0.0,-1.0,0.5346904819997789,-0.46530951800022113,0.325,1.0
-0.737260088221605,0.6756090306645339,0.0,0.6756090306645339,0.737260088221605,0.0,0.0,0.0,-1.0,0.5277615243753409,-0.4722384756246591,0.32499999999999996,1.0
-0.7298567089710052,0.6836001641091183,0.0,0.6836001641091183,0.7298567089710052,0.0,0.0,0.0,-1.0,0.520826475638876,-0.47917352436112404,0.325,1.0
-0.7223617547611574,0.6915153615490993,0.0,0.6915153615490993,0.7223617547611574,0.0,0.0,0.0,-1.0,0.51388685681216,-0.48611314318784005,0.325,1.0
-0.7147776182808152,0.6993518116118705,0.0,0.6993518116118705,0.7147776182808152,0.0,0.0,0.0,-1.0,0.5069441904223088,-0.49305580957769124,0.325,1.0
-0.7071067811865476,0.7071067811865475,0.0,0.7071067811865475,0.7071067811865476,0.0,0.0,0.0,-1.0,0.5,-0.5,0.325,1.0
-0.6993518116118705,0.7147776182808152,0.0,0.7147776182808152,0.6993518116118705,0.0,0.0,0.0,-1.0,0.49305580957769113,-0.5069441904223089,0.325,1.0
-0.6915153615490995,0.7223617547611572,0.0,0.7223617547611572,0.6915153615490995,0.0,0.0,0.0,-1.0,0.48611314318784016,-0.5138868568121598,0.325,1.0
-0.6836001641091185,0.729856708971005,0.0,0.729856708971005,0.6836001641091185,0.0,0.0,0.0,-1.0,0.47917352436112415,-0.5208264756388759,0.325,1.0
-0.6756090306645339,0.737260088221605,0.0,0.737260088221605,0.6756090306645339,0.0,0.0,0.0,-1.0,0.47223847562465904,-0.527761524375341,0.325,1.0
-0.6675448478819295,0.7445695911506807,0.0,0.7445695911506807,0.6675448478819295,0.0,0.0,0.0,-1.0,0.46530951800022113,-0.5346904819997789,0.325,1.0
-0.6594105746491578,0.7517830099442708,0.0,0.7517830099442708,0.6594105746491578,0.0,0.0,0.0,-1.0,0.4583881705024643,-0.5416118294975357,0.325,1.0
-0.6512092389038406,0.7588982324174175,0.0,0.7588982324174175,0.6512092389038406,0.0,0.0,0.0,-1.0,0.45147594963713955,-0.5485240503628604,0.325,1.0
-0.6429439343694276,0.7659132439497055,0.0,0.7659132439497055,0.6429439343694276,0.0,0.0,0.0,-1.0,0.44457436889931734,-0.5554256311006827,0.325,1.0
-0.6346178172053414,0.7728261292719908,0.0,0.7728261292719908,0.6346178172053414,0.0,0.0,0.0,-1.0,0.43768493827160504,-0.562315061728395,0.325,1.0
-0.6262341025779004,0.7796350741009872,0.0,0.7796350741009872,0.6262341025779004,0.0,0.0,0.0,-1.0,0.4308091637223659,-0.5691908362776341,0.325,1.0
-0.6177960611588493,0.7863383666187295,0.0,0.7863383666187295,0.6177960611588493,0.0,0.0,0.0,-1.0,0.4239485467039408,-0.5760514532960592,0.325,1.0
-0.6093070155584293,0.7929343987943013,0.0,0.7929343987943013,0.6093070155584293,0.0,0.0,0.0,-1.0,0.4171045836508662,-0.5828954163491338,0.325,1.0
-0.6007703367000305,0.799421667545565,0.0,0.799421667545565,0.6007703367000305,0.0,0.0,0.0,-1.0,0.4102787654780955,-0.5897212345219045,0.325,1.0
-0.592189440143534,0.8057987757390103,0.0,0.8057987757390103,0.592189440143534,0.0,0.0,0.0,-1.0,0.403472577079216,-0.596527422920784,0.325,1.0
-0.5835677823645117,0.8120644330262015,0.0,0.8120644330262015,0.5835677823645117,0.0,0.0,0.0,-1.0,0.3966874968246712,-0.6033125031753288,0.325,1.0
-0.5749088569964734,0.8182174565156921,0.0,0.8182174565156921,0.5749088569964734,0.0,0.0,0.0,-1.0,0.38992499605997877,-0.6100750039400212,0.325,1.0
-0.5662161910433725,0.8242567712796389,0.0,0.8242567712796389,0.5662161910433725,0.0,0.0,0.0,-1.0,0.383186538603951,-0.616813461396049,0.325,1.0
-0.5574933410695596,0.8301814106947346,0.0,0.8301814106947346,0.5574933410695596,0.0,0.0,0.0,-1.0,0.3764735802469139,-0.6235264197530861,0.325,1.0
-0.5487438893743508,0.8359905166174496,0.0,0.8359905166174496,0.5487438893743508,0.0,0.0,0.0,-1.0,0.36978756824892667,-0.6302124317510733,0.325,1.0
-0.5399714401583205,0.8416833393939488,0.0,0.8416833393939488,0.5399714401583205,0.0,0.0,0.0,-1.0,0.3631299408380023,-0.6368700591619977,0.325,1.0
-0.5311796156883521,0.847259237705423,0.0,0.847259237705423,0.5311796156883521,0.0,0.0,0.0,-1.0,0.3565021267083269,-0.6434978732916731,0.325,1.0
-0.5223720524683895,0.8527176782499365,0.0,0.8527176782499365,0.5223720524683895,0.0,0.0,0.0,-1.0,0.349905544518478,-0.650094455481522,0.325,1.0
-0.5135523974227248,0.8580582352622529,0.0,0.8580582352622529,0.5135523974227248,0.0,0.0,0.0,-1.0,0.3433416023896454,-0.6566583976103546,0.325,1.0
-0.504724304098514,0.863280589873461,0.0,0.863280589873461,0.504724304098514,0.0,0.0,0.0,-1.0,0.33681169740385086,-0.6631883025961491,0.325,1.0
-0.4958914288940697,0.8683845293125608,0.0,0.8683845293125608,0.4958914288940697,0.0,0.0,0.0,-1.0,0.3303172151021678,-0.6696827848978322,0.325,1.0
-0.48705742731930446,0.8733699459525158,0.0,0.8733699459525158,0.48705742731930446,0.0,0.0,0.0,-1.0,0.323859528982939,-0.676140471017061,0.325,1.0
-0.4782259502945312,0.8782368362035907,0.0,0.8782368362035907,0.4782259502945312,0.0,0.0,0.0,-1.0,0.3174400000000004,-0.6825599999999996,0.325,1.0
-0.46940064049358543,0.8829852992571348,0.0,0.8829852992571348,0.46940064049358543,0.0,0.0,0.0,-1.0,0.3110599760608942,-0.6889400239391058,0.325,1.0
-0.4605851287370777,0.8876155356832425,0.0,0.8876155356832425,0.4605851287370777,0.0,0.0,0.0,-1.0,0.30472079152509646,-0.6952792084749035,0.325,1.0
-0.4517830304412793,0.8921278458860559,0.0,0.8921278458860559,0.4517830304412793,0.0,0.0,0.0,-1.0,0.29842376670223036,-0.7015762332977696,0.325,1.0
-0.44299794212796395,0.896522628420716,0.0,0.896522628420716,0.44299794212796395,0.0,0.0,0.0,-1.0,0.2921702073502882,-0.7078297926497118,0.325,1.0
-0.4342334380002356,0.9008003781762614,0.0,0.9008003781762614,0.4342334380002356,0.0,0.0,0.0,-1.0,0.2859614041738514,-0.7140385958261486,0.325,1.0
-0.42549306658910035,0.9049616844290168,0.0,0.9049616844290168,0.42549306658910035,0.0,0.0,0.0,-1.0,0.2797986323223086,-0.7202013676776914,0.325,1.0
-0.4167803474752867,0.9090072287712454,0.0,0.9090072287712454,0.4167803474752867,0.0,0.0,0.0,-1.0,0.27368315088807815,-0.7263168491119218,0.325,1.0
-0.40809876809049384,0.9129377829200747,0.0,0.9129377829200747,0.40809876809049384,0.0,0.0,0.0,-1.0,0.26761620240482453,-0.7323837975951755,0.325,1.0
-0.39945178060197883,0.9167542064118979,0.0,0.9167542064118979,0.39945178060197883,0.0,0.0,0.0,-1.0,0.2615990123456793,-0.7384009876543207,0.325,1.0
-0.3908427988840756,0.9204574441876506,0.0,0.9204574441876506,0.3908427988840756,0.0,0.0,0.0,-1.0,0.2556327886214612,-0.7443672113785388,0.325,1.0
-0.38227519557992107,0.9240485240745386,0.0,0.9240485240745386,0.38227519557992107,0.0,0.0,0.0,-1.0,0.2497187210788947,-0.7502812789211053,0.325,1.0
-0.3737522992563649,0.9275285541699407,0.0,0.9275285541699407,0.3737522992563649,0.0,0.0,0.0,-1.0,0.2438579809988316,-0.7561420190011684,0.325,1.0
-0.365277391654694,0.9308987201333684,0.0,0.9308987201333684,0.365277391654694,0.0,0.0,0.0,-1.0,0.23805172059446733,-0.7619482794055327,0.325,1.0
-0.35685370503951575,0.9341602823924652,0.0,0.9341602823924652,0.35685370503951575,0.0,0.0,0.0,-1.0,0.2323010725095651,-0.7676989274904349,0.325,1.0
-0.3484844196477672,0.9373145732691661,0.0,0.9373145732691661,0.3484844196477672,0.0,0.0,0.0,-1.0,0.22660714931666925,-0.7733928506833307,0.325,1.0
-0.34017266123956447,0.9403629940321943,0.0,0.9403629940321943,0.34017266123956447,0.0,0.0,0.0,-1.0,0.2209710430153322,-0.7790289569846678,0.325,1.0
-0.3319214987521958,0.9433070118821847,0.0,0.9433070118821847,0.3319214987521958,0.0,0.0,0.0,-1.0,0.2153938245303283,-0.7846061754696717,0.325,1.0
-0.3237339420583215,0.9461481568757503,0.0,0.9461481568757503,0.3237339420583215,0.0,0.0,0.0,-1.0,0.2098765432098768,-0.7901234567901232,0.325,1.0
-0.3156129398290639,0.9488880187948712,0.0,0.9488880187948712,0.3156129398290639,0.0,0.0,0.0,-1.0,0.2044202263238588,-0.7955797736761412,0.325,1.0
-0.3075613775023933,0.9515282439680024,0.0,0.9515282439680024,0.3075613775023933,0.0,0.0,0.0,-1.0,0.19902587856204002,-0.80097412143796,0.325,1.0
-0.29958207535687476,0.9540705320493176,0.0,0.9540705320493176,0.29958207535687476,0.0,0.0,0.0,-1.0,0.1936944815322872,-0.8063055184677128,0.325,1.0
-0.29167778669056144,0.9565166327624917,0.0,0.9565166327624917,0.29167778669056144,0.0,0.0,0.0,-1.0,0.18842699325878987,-0.8115730067412101,0.325,1.0
-0.2838511961045085,0.9588683426154186,0.0,0.9588683426154186,0.2838511961045085,0.0,0.0,0.0,-1.0,0.18322434768028018,-0.8167756523197198,0.325,1.0
-0.27610491789007985,0.9611275015922249,0.0,0.9611275015922249,0.27610491789007985,0.0,0.0,0.0,-1.0,0.17808745414824978,-0.8219125458517502,0.325,1.0
-0.26844149451897525,0.963295989828889,0.0,0.963295989828889,0.26844149451897525,0.0,0.0,0.0,-1.0,0.1730171969251736,-0.8269828030748264,0.325,1.0
-0.2608633952345758,0.9653757242787336,0.0,0.9653757242787336,0.2608633952345758,0.0,0.0,0.0,-1.0,0.16801443468272548,-0.8319855653172745,0.325,1.0
-0.2533730147430032,0.9673686553739695,0.0,0.9673686553739695,0.2533730147430032,0.0,0.0,0.0,-1.0,0.16308000000000034,-0.8369199999999997,0.325,1.0
-0.2459726720019877,0.9692767636894029,0.0,0.9692767636894029,0.2459726720019877,0.0,0.0,0.0,-1.0,0.15821469886173212,-0.8417853011382679,0.325,1.0
-0.23866460910543053,0.9711020566143149,0.0,0.9711020566143149,0.23866460910543053,0.0,0.0,0.0,-1.0,0.15341931015651555,-0.8465806898434844,0.325,1.0
-0.23145099026129368,0.972846565038427,0.0,0.972846565038427,0.23145099026129368,0.0,0.0,0.0,-1.0,0.14869458517502365,-0.8513054148249763,0.325,1.0
-0.22433390086026073,0.9745123400577432,0.0,0.9745123400577432,0.22433390086026073,0.0,0.0,0.0,-1.0,0.14404124710822908,-0.8559587528917709,0.325,1.0
-0.2173153466323795,0.9761014497059457,0.0,0.9761014497059457,0.2173153466323795,0.0,0.0,0.0,-1.0,0.1394599905456213,-0.8605400094543787,0.325,1.0
-0.21039725288873523,0.9776159757168832,0.0,0.9776159757168832,0.21039725288873523,0.0,0.0,0.0,-1.0,0.13495148097342824,-0.8650485190265718,0.325,1.0
-0.2035814638450164,0.979058010323556,0.0,0.979058010323556,0.2035814638450164,0.0,0.0,0.0,-1.0,0.1305163542728378,-0.8694836457271622,0.325,1.0
-0.19686974202365048,0.9804296530988551,0.0,0.9804296530988551,0.19686974202365048,0.0,0.0,0.0,-1.0,0.12615521621821157,-0.8738447837817884,0.325,1.0
-0.19026376773110143,0.9817330078431535,0.0,0.9817330078431535,0.19026376773110143,0.0,0.0,0.0,-1.0,0.121868641975309,-0.878131358024691,0.325,1.0
-0.1837651386067225,0.9829701795236985,0.0,0.9829701795236985,0.1837651386067225,0.0,0.0,0.0,-1.0,0.1176571755995075,-0.8823428244004925,0.325,1.0
-0.17737536923947406,0.9841432712705809,0.0,0.9841432712705809,0.17737536923947406,0.0,0.0,0.0,-1.0,0.11352132953401917,-0.8864786704659808,0.325,1.0
-0.17109589084872145,0.9852543814338927,0.0,0.9852543814338927,0.17109589084872145,0.0,0.0,0.0,-1.0,0.10946158410811302,-0.890538415891887,0.325,1.0
-0.16492805102522057,0.9863056007065063,0.0,0.9863056007065063,0.16492805102522057,0.0,0.0,0.0,-1.0,0.10547838703533263,-0.8945216129646674,0.32499999999999996,1.0
-0.15887311352833988,0.9872990093167374,0.0,0.9872990093167374,0.15887311352833988,0.0,0.0,0.0,-1.0,0.10157215291171662,-0.8984278470882834,0.325,1.0
-0.1529322581355127,0.9882366742949651,0.0,0.9882366742949651,0.1529322581355127,0.0,0.0,0.0,-1.0,0.09774326271401712,-0.9022567372859829,0.325,1.0
-0.1471065805398697,0.9891206468181052,0.0,0.9891206468181052,0.1471065805398697,0.0,0.0,0.0,-1.0,0.09399206329792253,-0.9060079367020775,0.325,1.0
-0.14139709229196562,0.9899529596356472,0.0,0.9899529596356472,0.14139709229196562,0.0,0.0,0.0,-1.0,0.09031886689627266,-0.9096811331037273,0.325,1.0
-0.13580472078153127,0.9907356245807709,0.0,0.9907356245807709,0.13580472078153127,0.0,0.0,0.0,-1.0,0.08672395061728366,-0.9132760493827163,0.325,1.0
-0.13033030925514533,0.9914706301698796,0.0,0.9914706301698796,0.13033030925514533,0.0,0.0,0.0,-1.0,0.08320755594276319,-0.9167924440572368,0.325,1.0
-0.12497461686577482,0.9921599392936871,0.0,0.9921599392936871,0.12497461686577482,0.0,0.0,0.0,-1.0,0.07976988822633002,-0.92023011177367,0.325,1.0
-0.11973831875015417,0.9928054870028099,0.0,0.9928054870028099,0.11973831875015417,0.0,0.0,0.0,-1.0,0.07641111619163743,-0.9235888838083626,0.325,1.0
-0.11462200612999518,0.9934091783906244,0.0,0.9934091783906244,0.11462200612999518,0.0,0.0,0.0,-1.0,0.07313137143059079,-0.9268686285694092,0.325,1.0
-0.10962618643310684,0.9939728865759537,0.0,0.9939728865759537,0.10962618643310684,0.0,0.0,0.0,-1.0,0.06993074790156406,-0.9300692520984359,0.325,1.0
-0.10475128343058437,0.9944984507879564,0.0,0.9944984507879564,0.10475128343058437,0.0,0.0,0.0,-1.0,0.06680930142762787,-0.9331906985723721,0.325,1.0
-0.09999763738624456,0.9949876745554033,0.0,0.9949876745554033,0.09999763738624456,0.0,0.0,0.0,-1.0,0.0637670491947584,-0.9362329508052416,0.325,1.0
-0.09536550521468012,0.9954423240023245,0.0,0.9954423240023245,0.09536550521468012,0.0,0.0,0.0,-1.0,0.06080396925006126,-0.9391960307499387,0.325,1.0
-0.09085506064434112,0.9958641262518261,0.0,0.9958641262518261,0.09085506064434112,0.0,0.0,0.0,-1.0,0.05791999999999953,-0.9420800000000005,0.325,1.0
-0.08646639438214765,0.9962547679396826,0.0,0.9962547679396826,0.08646639438214765,0.0,0.0,0.0,-1.0,0.05511503970859977,-0.9448849602914002,0.325,1.0
-0.08219951427636862,0.9966158938391104,0.0,0.9966158938391104,0.08219951427636862,0.0,0.0,0.0,-1.0,0.052388945995677894,-0.9476110540043221,0.325,1.0
-0.07805434547453494,0.9969491055979447,0.0,0.9969491055979447,0.07805434547453494,0.0,0.0,0.0,-1.0,0.04974153533505987,-0.9502584646649401,0.325,1.0
-0.0740307305733503,0.9972559605892442,0.0,0.9972559605892442,0.0740307305733503,0.0,0.0,0.0,-1.0,0.0471725825528031,-0.9528274174471969,0.325,1.0
-0.07012842975768685,0.9975379708761573,0.0,0.9975379708761573,0.07012842975768685,0.0,0.0,0.0,-1.0,0.04468182032540913,-0.9553181796745909,0.325,1.0
-0.06634712092596984,0.9977966022916869,0.0,0.9977966022916869,0.06634712092596984,0.0,0.0,0.0,-1.0,0.04226893867804726,-0.9577310613219527,0.325,1.0
-0.06268639979935786,0.9980332736337978,0.0,0.9980332736337978,0.06268639979935786,0.0,0.0,0.0,-1.0,0.039933584482776396,-0.9600664155172236,0.325,1.0
-0.05914578001232573,0.9982493559761176,0.0,0.9982493559761176,0.05914578001232573,0.0,0.0,0.0,-1.0,0.037675360956760606,-0.9623246390432394,0.325,1.0
-0.055724693182454876,0.9984461720942803,0.0,0.9984461720942803,0.055724693182454876,0.0,0.0,0.0,-1.0,0.035493827160494096,-0.9645061728395059,0.325,1.0
-0.052422488957366564,0.9986249960077681,0.0,0.9986249960077681,0.052422488957366564,0.0,0.0,0.0,-1.0,0.0333884974960128,-0.9666115025039872,0.325,1.0
-0.049238435036989214,0.9987870526369013,0.0,0.9987870526369013,0.049238435036989214,0.0,0.0,0.0,-1.0,0.031358841205117116,-0.9686411587948829,0.325,1.0
-0.04617171716949442,0.998933517574428,0.0,0.998933517574428,0.04617171716949442,0.0,0.0,0.0,-1.0,0.02940428186760169,-0.9705957181323983,0.325,1.0
-0.04322143911938414,0.9990655169709589,0.0,0.9990655169709589,0.04322143911938414,0.0,0.0,0.0,-1.0,0.027524196899458175,-0.9724758031005418,0.325,1.0
-0.04038662260652903,0.9991841275332779,0.0,0.9991841275332779,0.04038662260652903,0.0,0.0,0.0,-1.0,0.025717917051102823,-0.9742820829488972,0.325,1.0
-0.03766620721503822,0.9992903766343564,0.0,0.9992903766343564,0.03766620721503822,0.0,0.0,0.0,-1.0,0.023984725905604076,-0.9760152740943959,0.325,1.0
-0.03505905027102452,0.9993852425336757,0.0,0.9993852425336757,0.03505905027102452,0.0,0.0,0.0,-1.0,0.022323859376884414,-0.9776761406231156,0.325,1.0
-0.03256392668865071,0.9994696547062428,0.0,0.9994696547062428,0.03256392668865071,0.0,0.0,0.0,-1.0,0.02073450520795639,-0.9792654947920436,0.325,1.0
-0.030179528783855103,0.999544494278461,0.0,0.999544494278461,0.030179528783855103,0.0,0.0,0.0,-1.0,0.019215802469137788,-0.9807841975308622,0.325,1.0
-0.027904466055430288,0.9996105945687858,0.0,0.9996105945687858,0.027904466055430288,0.0,0.0,0.0,-1.0,0.0177668410562557,-0.9822331589437443,0.325,1.0
-0.02573726493339501,0.9996687417308536,0.0,0.9996687417308536,0.02573726493339501,0.0,0.0,0.0,-1.0,0.01638666118889809,-0.9836133388111019,0.325,1.0
-0.023676368494493838,0.9997196754965428,0.0,0.9997196754965428,0.023676368494493838,0.0,0.0,0.0,-1.0,0.015074252908601427,-0.9849257470913986,0.325,1.0
-0.021720136145194413,0.9997640900161568,0.0,0.9997640900161568,0.021720136145194413,0.0,0.0,0.0,-1.0,0.013828555577090729,-0.9861714444229093,0.325,1.0
-0.01986684327239674,0.9998026347926825,0.0,0.9998026347926825,0.01986684327239674,0.0,0.0,0.0,-1.0,0.012648457374488942,-0.9873515426255111,0.325,1.0
-0.01811468086242385,0.9998359157067986,0.0,0.9998359157067986,0.01811468086242385,0.0,0.0,0.0,-1.0,0.011532794797542323,-0.9884672052024577,0.325,1.0
-0.016461755088891805,0.9998644961290472,0.0,0.9998644961290472,0.016461755088891805,0.0,0.0,0.0,-1.0,0.01048035215783294,-0.9895196478421671,0.325,1.0
-0.01490608687029471,0.9998888981152932,0.0,0.9998888981152932,0.01490608687029471,0.0,0.0,0.0,-1.0,0.009489861080012041,-0.990510138919988,0.325,1.0
-0.013445611398120949,0.9999096036813181,0.0,0.9999096036813181,0.013445611398120949,0.0,0.0,0.0,-1.0,0.008559999999998347,-0.9914400000000017,0.325,1.0
-0.012078177636653642,0.9999270561520862,0.0,0.9999270561520862,0.012078177636653642,0.0,0.0,0.0,-1.0,0.007689393663224742,-0.9923106063367753,0.325,1.0
-0.010801547795420863,0.999941661580926,0.0,0.999941661580926,0.010801547795420863,0.0,0.0,0.0,-1.0,0.006876612622828127,-0.9931233873771719,0.325,1.0
-0.009613396775692507,0.9999537902335452,0.0,0.9999537902335452,0.009613396775692507,0.0,0.0,0.0,-1.0,0.006120172737895224,-0.9938798272621048,0.325,1.0
-0.008511311592171333,0.9999637781314786,0.0,0.9999637781314786,0.008511311592171333,0.0,0.0,0.0,-1.0,0.005418534671665753,-0.9945814653283342,0.325,1.0
-0.007492790771355451,0.999971928649228,0.0,0.999971928649228,0.007492790771355451,0.0,0.0,0.0,-1.0,0.004770103389756919,-0.9952298966102431,0.325,1.0
-0.006555243727960125,0.9999785141590128,0.0,0.9999785141590128,0.006555243727960125,0.0,0.0,0.0,-1.0,0.004173227658386125,-0.9958267723416139,0.325,1.0
-0.00569599012086397,0.9999837777166902,0.0,0.9999837777166902,0.00569599012086397,0.0,0.0,0.0,-1.0,0.003626199542585695,-0.9963738004574143,0.325,1.0
-0.004912259190108181,0.9999879347820398,0.0,0.9999879347820398,0.004912259190108181,0.0,0.0,0.0,-1.0,0.003127253904427363,-0.9968727460955726,0.325,1.0
-0.004201189076433631,0.9999911749662315,0.0,0.9999911749662315,0.004201189076433631,0.0,0.0,0.0,-1.0,0.002674567901234326,-0.9973254320987657,0.325,1.0
-0.0035598261249232266,0.9999936637989064,0.0,0.9999936637989064,0.0035598261249232266,0.0,0.0,0.0,-1.0,0.002266260483812843,-0.9977337395161872,0.325,1.0
-0.0029851241741889467,0.9999955445069066,0.0,0.9999955445069066,0.0029851241741889467,0.0,0.0,0.0,-1.0,0.0019003918946562948,-0.9980996081053437,0.325,1.0
-0.002473943832685066,0.9999969397962739,0.0,0.9999969397962739,0.002473943832685066,0.0,0.0,0.0,-1.0,0.0015749631661838848,-0.9984250368338161,0.325,1.0
-0.002023051743479054,0.9999979536287278,0.0,0.9999979536287278,0.002023051743479054,0.0,0.0,0.0,-1.0,0.0012879156189393726,-0.9987120843810606,0.325,1.0
-0.001629119838999049,0.9999986729833946,0.0,0.9999986729833946,0.001629119838999049,0.0,0.0,0.0,-1.0,0.0010371303598262216,-0.9989628696401738,0.325,1.0
-0.001288724586999468,0.9999991695941246,0.0,0.9999991695941246,0.001288724586999468,0.0,0.0,0.0,-1.0,0.000820427780316102,-0.9991795722196839,0.325,1.0
-0.0009983462290954481,0.9999995016522792,0.0,0.9999995016522792,0.0009983462290954481,0.0,0.0,0.0,-1.0,0.0006355670546884795,-0.9993644329453115,0.325,1.0
-0.0007543680129307173,0.99999971546441,0.0,0.99999971546441,0.0007543680129307173,0.0,0.0,0.0,-1.0,0.0004802456382222431,-0.9995197543617778,0.325,1.0
-0.0005530754192136778,0.9999998470537786,0.0,0.9999998470537786,0.0005530754192136778,0.0,0.0,0.0,-1.0,0.0003520987654326291,-0.9996479012345674,0.325,1.0
-0.00039065538451310555,0.9999999236941823,0.0,0.9999999236941823,0.00039065538451310555,0.0,0.0,0.0,-1.0,0.00024869894828860595,-0.9997513010517114,0.325,1.0
-0.0002631955207365033,0.9999999653640583,0.0,0.9999999653640583,0.0002631955207365033,0.0,0.0,0.0,-1.0,0.00016755547443381147,-0.9998324445255662,0.325,1.0
-0.00016668333204883368,0.9999999861083333,0.0,0.9999999861083333,0.00016668333204883368,0.0,0.0,0.0,-1.0,0.00010611390539772003,-0.9998938860946023,0.325,1.0
-9.700542995538797e-05,0.9999999952949733,0.0,0.9999999952949733,9.700542995538797e-05,0.0,0.0,0.0,-1.0,6.175557483345528e-05,-0.9999382444251665,0.325,1.0
-4.994674697700319e-05,0.9999999987526612,0.0,0.9999999987526612,4.994674697700319e-05,0.0,0.0,0.0,-1.0,3.179708670408843e-05,-0.9999682029132959,0.325,1.0
-2.1189749564554106e-05,0.9999999997754973,0.0,0.9999999997754973,2.1189749564554106e-05,0.0,0.0,0.0,-1.0,1.3489813545319862e-05,-0.9999865101864547,0.325,1.0
-6.313650347866684e-06,0.9999999999800689,0.0,0.9999999999800689,6.313650347866684e-06,0.0,0.0,0.0,-1.0,4.019394647336583e-06,-0.9999959806053527,0.325,1.0
-7.936201836811207e-07,0.999999999999685,0.0,0.999999999999685,7.936201836811207e-07,0.0,0.0,0.0,-1.0,5.052343006184401e-07,-0.9999994947656994,0.325,1.0
-1.1102230246251565e-16,1.0,0.0,1.0,1.1102230246251565e-16,0.0,0.0,0.0,-1.0,0.0,-1.0,0.325,1.0
0.0,1.0,0.0,1.0,0.0,0.0,0.0,0.0,-1.0,0.0,-1.0,0.325,1.0
0.0,1.0,0.0,1.0,0.0,0.0,0.0,0.0,-1.0,0.0,-1.0,0.3249905839947641,1.0
0.0,1.0,0.0,1.0,0.0,0.0,0.0,0.0,-1.0,0.0,-1.0,0.32492629299696557,1.0
0.0,1.0,0.0,1.0,0.0,0.0,0.0,0.0,-1.0,0.0,-1.0,0.3247566462545368,1.0
0.0,1.0,0.0,1.0,0.0,0.0,0.0,0.0,-1.0,0.0,-1.0,0.32443582821443445,1.0
0.0,1.0,0.0,1.0,0.0,0.0,0.0,0.0,-1.0,0.0,-1.0,0.323922547152972,1.0
0.0,1.0,0.0,1.0,0.0,0.0,0.0,0.0,-1.0,0.0,-1.0,0.32317989380615225,1.0
0.0,1.0,0.0,1.0,0.0,0.0,0.0,0.0,-1.0,0.0,-1.0,0.3221752,1.0
0.0,1.0,0.0,1.0,0.0,0.0,0.0,0.0,-1.0,0.0,-1.0,0.3208798972808949,1.0
0.0,1.0,0.0,1.0,0.0,0.0,0.0,0.0,-1.0,0.0,-1.0,0.31926937554590346,1.0
0.0,1.0,0.0,1.0,0.0,0.0,0.0,0.0,-1.0,0.0,-1.0,0.31732284167311237,1.0
0.0,1.0,0.0,1.0,0.0,0.0,0.0,0.0,-1.0,0.0,-1.0,0.31502317815196046,1.0
0.0,1.0,0.0,1.0,0.0,0.0,0.0,0.0,-1.0,0.0,-1.0,0.3123568017135718,1.0
0.0,1.0,0.0,1.0,0.0,0.0,0.0,0.0,-1.0,0.0,-1.0,0.30931352196108763,1.0
0.0,1.0,0.0,1.0,0.0,0.0,0.0,0.0,-1.0,0.0,-1.0,0.3058864,1.0
0.0,1.0,0.0,1.0,0.0,0.0,0.0,0.0,-1.0,0.0,-1.0,0.30207160706848335,1.0
0.0,1.0,0.0,1.0,0.0,0.0,0.0,0.0,-1.0,0.0,-1.0,0.29786828316772773,1.0
0.0,1.0,0.0,1.0,0.0,0.0,0.0,0.0,-1.0,0.0,-1.0,0.29327839569227104,1.0
0.0,1.0,0.0,1.0,0.0,0.0,0.0,0.0,-1.0,0.0,-1.0,0.28830659806033204,1.0
0.0,1.0,0.0,1.0,0.0,0.0,0.0,0.0,-1.0,0.0,-1.0,0.2829600883441423,1.0
0.0,1.0,0.0,1.0,0.0,0.0,0.0,0.0,-1.0,0.0,-1.0,0.2772484679002796,1.0
0.0,1.0,0.0,1.0,0.0,0.0,0.0,0.0,-1.0,0.0,-1.0,0.2711836,1.0
0.0,1.0,0.0,1.0,0.0,0.0,0.0,0.0,-1.0,0.0,-1.0,0.26477946845957034,1.0
0.0,1.0,0.0,1.0,0.0,0.0,0.0,0.0,-1.0,0.0,-1.0,0.2580520362706015,1.0
0.0,1.0,0.0,1.0,0.0,0.0,0.0,0.0,-1.0,0.0,-1.0,0.2510191042303802,1.0
0.0,1.0,0.0,1.0,0.0,0.0,0.0,0.0,-1.0,0.0,-1.0,0.24370016957220206,1.0
0.0,1.0,0.0,1.0,0.0,0.0,0.0,0.0,-1.0,0.0,-1.0,0.2361162845957042,1.0
0.0,1.0,0.0,1.0,0.0,0.0,0.0,0.0,-1.0,0.0,-1.0,0.22828991529719758,1.0
0.0,1.0,0.0,1.0,0.0,0.0,0.0,0.0,-1.0,0.0,-1.0,0.22024479999999994,1.0
0.0,1.0,0.0,1.0,0.0,0.0,0.0,0.0,-1.0,0.0,-1.0,0.2120058079847683,1.0
0.0,1.0,0.0,1.0,0.0,0.0,0.0,0.0,-1.0,0.0,-1.0,0.203598798119831,1.0
0.0,1.0,0.0,1.0,0.0,0.0,0.0,0.0,-1.0,0.0,-1.0,0.19505047749152135,1.0
0.0,1.0,0.0,1.0,0.0,0.0,0.0,0.0,-1.0,0.0,-1.0,0.18638826003450937,1.0
0.0,1.0,0.0,1.0,0.0,0.0,0.0,0.0,-1.0,0.0,-1.0,0.17764012516213484,1.0
0.0,1.0,0.0,1.0,0.0,0.0,0.0,0.0,-1.0,0.0,-1.0,0.16883447639673943,1.0
0.0,1.0,0.0,1.0,0.0,0.0,0.0,0.0,-1.0,0.0,-1.0,0.15999999999999992,1.0
0.0,1.0,0.0,1.0,0.0,0.0,0.0,0.0,-1.0,0.0,-1.0,0.15116552360326047,1.0
0.0,1.0,0.0,1.0,0.0,0.0,0.0,0.0,-1.0,0.0,-1.0,0.14235987483786516,1.0
0.0,1.0,0.0,1.0,0.0,0.0,0.0,0.0,-1.0,0.0,-1.0,0.13361173996549053,1.0
0.0,1.0,0.0,1.0,0.0,0.0,0.0,0.0,-1.0,0.0,-1.0,0.12494952250847867,1.0
0.0,1.0,0.0,1.0,0.0,0.0,0.0,0.0,-1.0,0.0,-1.0,0.11640120188016892,1.0
0.0,1.0,0.0,1.0,0.0,0.0,0.0,0.0,-1.0,0.0,-1.0,0.10799419201523178,1.0
0.0,1.0,0.0,1.0,0.0,0.0,0.0,0.0,-1.0,0.0,-1.0,0.09975520000000013,1.0
0.0,1.0,0.0,1.0,0.0,0.0,0.0,0.0,-1.0,0.0,-1.0,0.09171008470280242,1.0
0.0,1.0,0.0,1.0,0.0,0.0,0.0,0.0,-1.0,0.0,-1.0,0.08388371540429568,1.0
0.0,1.0,0.0,1.0,0.0,0.0,0.0,0.0,-1.0,0.0,-1.0,0.07629983042779778,1.0
0.0,1.0,0.0,1.0,0.0,0.0,0.0,0.0,-1.0,0.0,-1.0,0.06898089576961977,1.0
0.0,1.0,0.0,1.0,0.0,0.0,0.0,0.0,-1.0,0.0,-1.0,0.06194796372939857,1.0
0.0,1.0,0.0,1.0,0.0,0.0,0.0,0.0,-1.0,0.0,-1.0,0.05522053154042951,1.0
0.0,1.0,0.0,1.0,0.0,0.0,0.0,0.0,-1.0,0.0,-1.0,0.04881640000000011,1.0
0.0,1.0,0.0,1.0,0.0,0.0,0.0,0.0,-1.0,0.0,-1.0,0.0427515320997203,1.0
0.0,1.0,0.0,1.0,0.0,0.0,0.0,0.0,-1.0,0.0,-1.0,0.03703991165585777,1.0
0.0,1.0,0.0,1.0,0.0,0.0,0.0,0.0,-1.0,0.0,-1.0,0.031693401939667916,1.0
0.0,1.0,0.0,1.0,0.0,0.0,0.0,0.0,-1.0,0.0,-1.0,0.026721604307729005,1.0
0.0,1.0,0.0,1.0,0.0,0.0,0.0,0.0,-1.0,0.0,-1.0,0.022131716832272327,1.0
0.0,1.0,0.0,1.0,0.0,0.0,0.0,0.0,-1.0,0.0,-1.0,0.017928392931516796,1.0
0.0,1.0,0.0,1.0,0.0,0.0,0.0,0.0,-1.0,0.0,-1.0,0.014113599999999693,1.0
0.0,1.0,0.0,1.0,0.0,0.0,0.0,0.0,-1.0,0.0,-1.0,0.010686478038912577,1.0
0.0,1.0,0.0,1.0,0.0,0.0,0.0,0.0,-1.0,0.0,-1.0,0.007643198286428327,1.0
0.0,1.0,0.0,1.0,0.0,0.0,0.0,0.0,-1.0,0.0,-1.0,0.004976821848039399,1.0
0.0,1.0,0.0,1.0,0.0,0.0,0.0,0.0,-1.0,0.0,-1.0,0.002677158326887463,1.0
0.0,1.0,0.0,1.0,0.0,0.0,0.0,0.0,-1.0,0.0,-1.0,0.000730624454096716,1.0
0.0,1.0,0.0,1.0,0.0,0.0,0.0,0.0,-1.0,0.0,-1.0,-0.0008798972808953696,1.0
0.0,1.0,0.0,1.0,0.0,0.0,0.0,0.0,-1.0,0.0,-1.0,-0.0021752000000005494,1.0
0.0,1.0,0.0,1.0,0.0,0.0,0.0,0.0,-1.0,0.0,-1.0,-0.0031798938061522895,1.0
0.0,1.0,0.0,1.0,0.0,0.0,0.0,0.0,-1.0,0.0,-1.0,-0.0039225471529717865,1.0
0.0,1.0,0.0,1.0,0.0,0.0,0.0,0.0,-1.0,0.0,-1.0,-0.004435828214434294,1.0
0.0,1.0,0.0,1.0,0.0,0.0,0.0,0.0,-1.0,0.0,-1.0,-0.004756646254536903,1.0
0.0,1.0,0.0,1.0,0.0,0.0,0.0,0.0,-1.0,0.0,-1.0,-0.004926292996965596,1.0
0.0,1.0,0.0,1.0,0.0,0.0,0.0,0.0,-1.0,0.0,-1.0,-0.004990583994763766,1.0
0.0,1.0,0.0,1.0,0.0,0.0,0.0,0.0,-1.0,0.0,-1.0,-0.0050000000000000044,1.0
0.0,1.0,0.0,1.0,0.0,0.0,0.0,0.0,-1.0,0.0,-1.0,-0.0050000000000000044,0.0
0.0,1.0,0.0,1.0,0.0,0.0,0.0,0.0,-1.0,0.0,-1.0,-0.0050000000000000044,0.0
0.0,1.0,0.0,1.0,0.0,0.0,0.0,0.0,-1.0,0.0,-1.0,-0.0050000000000000044,0.0
0.0,1.0,0.0,1.0,0.0,0.0,0.0,0.0,-1.0,0.0,-1.0,-0.005000000000000005,0.0
0.0,1.0,0.0,1.0,0.0,0.0,0.0,0.0,-1.0,0.0,-1.0,-0.0050000000000000044,0.0
0.0,1.0,0.0,1.0,0.0,0.0,0.0,0.0,-1.0,0.0,-1.0,-0.0050000000000000044,0.0
0.0,1.0,0.0,1.0,0.0,0.0,0.0,0.0,-1.0,0.0,-1.0,-0.0050000000000000044,0.0
0.0,1.0,0.0,1.0,0.0,0.0,0.0,0.0,-1.0,0.0,-1.0,-0.0050000000000000044,0.0
0.0,1.0,0.0,1.0,0.0,0.0,0.0,0.0,-1.0,0.0,-1.0,-0.0050000000000000044,0.0
0.0,1.0,0.0,1.0,0.0,0.0,0.0,0.0,-1.0,0.0,-1.0,-0.0050000000000000044,0.0
0.0,1.0,0.0,1.0,0.0,0.0,0.0,0.0,-1.0,0.0,-1.0,-0.0050000000000000044,0.0
0.0,1.0,0.0,1.0,0.0,0.0,0.0,0.0,-1.0,0.0,-1.0,-0.0050000000000000044,0.0
0.0,1.0,0.0,1.0,0.0,0.0,0.0,0.0,-1.0,0.0,-1.0,-0.0050000000000000044,0.0
0.0,1.0,0.0,1.0,0.0,0.0,0.0,0.0,-1.0,0.0,-1.0,-0.0050000000000000044,0.0
0.0,1.0,0.0,1.0,0.0,0.0,0.0,0.0,-1.0,0.0,-1.0,-0.0050000000000000044,0.0
0.0,1.0,0.0,1.0,0.0,0.0,0.0,0.0,-1.0,0.0,-1.0,-0.0050000000000000044,0.0
0.0,1.0,0.0,1.0,0.0,0.0,0.0,0.0,-1.0,0.0,-1.0,-0.0050000000000000044,0.0
0.0,1.0,0.0,1.0,0.0,0.0,0.0,0.0,-1.0,0.0,-1.0,-0.0050000000000000044,0.0
0.0,1.0,0.0,1.0,0.0,0.0,0.0,0.0,-1.0,0.0,-1.0,-0.0050000000000000044,0.0
0.0,1.0,0.0,1.0,0.0,0.0,0.0,0.0,-1.0,0.0,-1.0,-0.005000000000000004,0.0
0.0,1.0,0.0,1.0,0.0,0.0,0.0,0.0,-1.0,0.0,-1.0,-0.0050000000000000044,0.0
0.0,1.0,0.0,1.0,0.0,0.0,0.0,0.0,-1.0,0.0,-1.0,-0.0050000000000000044,0.0
0.0,1.0,0.0,1.0,0.0,0.0,0.0,0.0,-1.0,0.0,-1.0,-0.0050000000000000044,0.0
0.0,1.0,0.0,1.0,0.0,0.0,0.0,0.0,-1.0,0.0,-1.0,-0.0050000000000000044,0.0
0.0,1.0,0.0,1.0,0.0,0.0,0.0,0.0,-1.0,0.0,-1.0,-0.0050000000000000044,0.0
0.0,1.0,0.0,1.0,0.0,0.0,0.0,0.0,-1.0,0.0,-1.0,-0.0050000000000000044,0.0
0.0,1.0,0.0,1.0,0.0,0.0,0.0,0.0,-1.0,0.0,-1.0,-0.0050000000000000044,0.0
0.0,1.0,0.0,1.0,0.0,0.0,0.0,0.0,-1.0,0.0,-1.0,-0.0050000000000000044,0.0
0.0,1.0,0.0,1.0,0.0,0.0,0.0,0.0,-1.0,0.0,-1.0,-0.0050000000000000044,0.0
0.0,1.0,0.0,1.0,0.0,0.0,0.0,0.0,-1.0,0.0,-1.0,-0.0050000000000000044,0.0
0.0,1.0,0.0,1.0,0.0,0.0,0.0,0.0,-1.0,0.0,-1.0,-0.0050000000000000044,0.0
0.0,1.0,0.0,1.0,0.0,0.0,0.0,0.0,-1.0,0.0,-1.0,-0.0050000000000000044,0.0
0.0,1.0,0.0,1.0,0.0,0.0,0.0,0.0,-1.0,0.0,-1.0,-0.0050000000000000044,0.0
0.0,1.0,0.0,1.0,0.0,0.0,0.0,0.0,-1.0,0.0,-1.0,-0.0050000000000000044,0.0
0.0,1.0,0.0,1.0,0.0,0.0,0.0,0.0,-1.0,0.0,-1.0,-0.0050000000000000044,0.0
0.0,1.0,0.0,1.0,0.0,0.0,0.0,0.0,-1.0,0.0,-1.0,-0.0050000000000000044,0.0
0.0,1.0,0.0,1.0,0.0,0.0,0.0,0.0,-1.0,0.0,-1.0,-0.0050000000000000044,0.0
0.0,1.0,0.0,1.0,0.0,0.0,0.0,0.0,-1.0,0.0,-1.0,-0.0050000000000000044,0.0
0.0,1.0,0.0,1.0,0.0,0.0,0.0,0.0,-1.0,0.0,-1.0,-0.0050000000000000044,0.0
0.0,1.0,0.0,1.0,0.0,0.0,0.0,0.0,-1.0,0.0,-1.0,-0.0050000000000000044,0.0
0.0,1.0,0.0,1.0,0.0,0.0,0.0,0.0,-1.0,0.0,-1.0,-0.0050000000000000044,0.0
0.0,1.0,0.0,1.0,0.0,0.0,0.0,0.0,-1.0,0.0,-1.0,-0.0050000000000000044,0.0
0.0,1.0,0.0,1.0,0.0,0.0,0.0,0.0,-1.0,0.0,-1.0,-0.0050000000000000044,0.0
0.0,1.0,0.0,1.0,0.0,0.0,0.0,0.0,-1.0,0.0,-1.0,-0.0050000000000000044,0.0
0.0,1.0,0.0,1.0,0.0,0.0,0.0,0.0,-1.0,0.0,-1.0,-0.0050000000000000044,0.0
0.0,1.0,0.0,1.0,0.0,0.0,0.0,0.0,-1.0,0.0,-1.0,-0.0050000000000000044,0.0
0.0,1.0,0.0,1.0,0.0,0.0,0.0,0.0,-1.0,0.0,-1.0,-0.0050000000000000044,0.0
0.0,1.0,0.0,1.0,0.0,0.0,0.0,0.0,-1.0,0.0,-1.0,-0.0050000000000000044,0.0
0.0,1.0,0.0,1.0,0.0,0.0,0.0,0.0,-1.0,0.0,-1.0,-0.0050000000000000044,0.0
0.0,1.0,0.0,1.0,0.0,0.0,0.0,0.0,-1.0,0.0,-1.0,-0.0050000000000000044,0.0
0.0,1.0,0.0,1.0,0.0,0.0,0.0,0.0,-1.0,0.0,-1.0,-0.0050000000000000044,0.0
0.0,1.0,0.0,1.0,0.0,0.0,0.0,0.0,-1.0,0.0,-1.0,-0.0050000000000000044,0.0
0.0,1.0,0.0,1.0,0.0,0.0,0.0,0.0,-1.0,0.0,-1.0,-0.0050000000000000044,0.0
0.0,1.0,0.0,1.0,0.0,0.0,0.0,0.0,-1.0,0.0,-1.0,-0.0050000000000000044,0.0
0.0,1.0,0.0,1.0,0.0,0.0,0.0,0.0,-1.0,0.0,-1.0,-0.0050000000000000044,0.0
0.0,1.0,0.0,1.0,0.0,0.0,0.0,0.0,-1.0,0.0,-1.0,-0.0050000000000000044,0.0
0.0,1.0,0.0,1.0,0.0,0.0,0.0,0.0,-1.0,0.0,-1.0,-0.0050000000000000044,0.0
0.0,1.0,0.0,1.0,0.0,0.0,0.0,0.0,-1.0,0.0,-1.0,-0.0050000000000000044,0.0
0.0,1.0,0.0,1.0,0.0,0.0,0.0,0.0,-1.0,0.0,-1.0,-0.0050000000000000044,0.0
0.0,1.0,0.0,1.0,0.0,0.0,0.0,0.0,-1.0,0.0,-1.0,-0.0050000000000000044,0.0
0.0,1.0,0.0,1.0,0.0,0.0,0.0,0.0,-1.0,0.0,-1.0,-0.0050000000000000044,0.0
0.0,1.0,0.0,1.0,0.0,0.0,0.0,0.0,-1.0,0.0,-1.0,-0.0050000000000000044,0.0
0.0,1.0,0.0,1.0,0.0,0.0,0.0,0.0,-1.0,0.0,-1.0,-0.0050000000000000044,0.0
0.0,1.0,0.0,1.0,0.0,0.0,0.0,0.0,-1.0,0.0,-1.0,-0.0050000000000000044,0.0
0.0,1.0,0.0,1.0,0.0,0.0,0.0,0.0,-1.0,0.0,-1.0,-0.0050000000000000044,0.0
0.0,1.0,0.0,1.0,0.0,0.0,0.0,0.0,-1.0,0.0,-1.0,-0.0050000000000000044,0.0
0.0,1.0,0.0,1.0,0.0,0.0,0.0,0.0,-1.0,0.0,-1.0,-0.0050000000000000044,0.0
0.0,1.0,0.0,1.0,0.0,0.0,0.0,0.0,-1.0,0.0,-1.0,-0.0050000000000000044,0.0
0.0,1.0,0.0,1.0,0.0,0.0,0.0,0.0,-1.0,0.0,-1.0,-0.0050000000000000044,0.0
0.0,1.0,0.0,1.0,0.0,0.0,0.0,0.0,-1.0,0.0,-1.0,-0.0050000000000000044,0.0
0.0,1.0,0.0,1.0,0.0,0.0,0.0,0.0,-1.0,0.0,-1.0,-0.0050000000000000044,0.0
0.0,1.0,0.0,1.0,0.0,0.0,0.0,0.0,-1.0,0.0,-1.0,-0.0050000000000000044,0.0
0.0,1.0,0.0,1.0,0.0,0.0,0.0,0.0,-1.0,0.0,-1.0,-0.0050000000000000044,0.0
0.0,1.0,0.0,1.0,0.0,0.0,0.0,0.0,-1.0,0.0,-1.0,-0.0050000000000000044,0.0
0.0,1.0,0.0,1.0,0.0,0.0,0.0,0.0,-1.0,0.0,-1.0,-0.0050000000000000044,0.0
0.0,1.0,0.0,1.0,0.0,0.0,0.0,0.0,-1.0,0.0,-1.0,-0.0050000000000000044,0.0
0.0,1.0,0.0,1.0,0.0,0.0,0.0,0.0,-1.0,0.0,-1.0,-0.0050000000000000044,0.0
0.0,1.0,0.0,1.0,0.0,0.0,0.0,0.0,-1.0,0.0,-1.0,-0.004990583994764091,0.0
0.0,1.0,0.0,1.0,0.0,0.0,0.0,0.0,-1.0,0.0,-1.0,-0.004926292996965555,0.0
0.0,1.0,0.0,1.0,0.0,0.0,0.0,0.0,-1.0,0.0,-1.0,-0.004756646254536805,0.0
0.0,1.0,0.0,1.0,0.0,0.0,0.0,0.0,-1.0,0.0,-1.0,-0.004435828214434466,0.0
0.0,1.0,0.0,1.0,0.0,0.0,0.0,0.0,-1.0,0.0,-1.0,-0.003922547152971979,0.0
0.0,1.0,0.0,1.0,0.0,0.0,0.0,0.0,-1.0,0.0,-1.0,-0.0031798938061522028,0.0
0.0,1.0,0.0,1.0,0.0,0.0,0.0,0.0,-1.0,0.0,-1.0,-0.0021752000000000026,0.0
0.0,1.0,0.0,1.0,0.0,0.0,0.0,0.0,-1.0,0.0,-1.0,-0.0008798972808948674,0.0
0.0,1.0,0.0,1.0,0.0,0.0,0.0,0.0,-1.0,0.0,-1.0,0.0007306244540965061,0.0
0.0,1.0,0.0,1.0,0.0,0.0,0.0,0.0,-1.0,0.0,-1.0,0.0026771583268876053,0.0
0.0,1.0,0.0,1.0,0.0,0.0,0.0,0.0,-1.0,0.0,-1.0,0.004976821848039509,0.0
0.0,1.0,0.0,1.0,0.0,0.0,0.0,0.0,-1.0,0.0,-1.0,0.00764319828642827,0.0
0.0,1.0,0.0,1.0,0.0,0.0,0.0,0.0,-1.0,0.0,-1.0,0.010686478038912355,0.0
0.0,1.0,0.0,1.0,0.0,0.0,0.0,0.0,-1.0,0.0,-1.0,0.01411360000000001,0.0
0.0,1.0,0.0,1.0,0.0,0.0,0.0,0.0,-1.0,0.0,-1.0,0.01792839293151663,0.0
0.0,1.0,0.0,1.0,0.0,0.0,0.0,0.0,-1.0,0.0,-1.0,0.022131716832272268,0.0
0.0,1.0,0.0,1.0,0.0,0.0,0.0,0.0,-1.0,0.0,-1.0,0.02672160430772893,0.0
0.0,1.0,0.0,1.0,0.0,0.0,0.0,0.0,-1.0,0.0,-1.0,0.031693401939668006,0.0
0.0,1.0,0.0,1.0,0.0,0.0,0.0,0.0,-1.0,0.0,-1.0,0.03703991165585768,0.0
0.0,1.0,0.0,1.0,0.0,0.0,0.0,0.0,-1.0,0.0,-1.0,0.04275153209972037,0.0
0.0,1.0,0.0,1.0,0.0,0.0,0.0,0.0,-1.0,0.0,-1.0,0.04881639999999998,0.0
0.0,1.0,0.0,1.0,0.0,0.0,0.0,0.0,-1.0,0.0,-1.0,0.05522053154042961,0.0
0.0,1.0,0.0,1.0,0.0,0.0,0.0,0.0,-1.0,0.0,-1.0,0.06194796372939849,0.0
0.0,1.0,0.0,1.0,0.0,0.0,0.0,0.0,-1.0,0.0,-1.0,0.0689808957696198,0.0
0.0,1.0,0.0,1.0,0.0,0.0,0.0,0.0,-1.0,0.0,-1.0,0.07629983042779795,0.0
0.0,1.0,0.0,1.0,0.0,0.0,0.0,0.0,-1.0,0.0,-1.0,0.08388371540429583,0.0
0.0,1.0,0.0,1.0,0.0,0.0,0.0,0.0,-1.0,0.0,-1.0,0.09171008470280242,0.0
0.0,1.0,0.0,1.0,0.0,0.0,0.0,0.0,-1.0,0.0,-1.0,0.09975520000000007,0.0
0.0,1.0,0.0,1.0,0.0,0.0,0.0,0.0,-1.0,0.0,-1.0,0.10799419201523172,0.0
0.0,1.0,0.0,1.0,0.0,0.0,0.0,0.0,-1.0,0.0,-1.0,0.11640120188016899,0.0
0.0,1.0,0.0,1.0,0.0,0.0,0.0,0.0,-1.0,0.0,-1.0,0.12494952250847867,0.0
0.0,1.0,0.0,1.0,0.0,0.0,0.0,0.0,-1.0,0.0,-1.0,0.13361173996549058,0.0
0.0,1.0,0.0,1.0,0.0,0.0,0.0,0.0,-1.0,0.0,-1.0,0.14235987483786516,0.0
0.0,1.0,0.0,1.0,0.0,0.0,0.0,0.0,-1.0,0.0,-1.0,0.15116552360326058,0.0
0.0,1.0,0.0,1.0,0.0,0.0,0.0,0.0,-1.0,0.0,-1.0,0.1600000000000001,0.0
0.0,1.0,0.0,1.0,0.0,0.0,0.0,0.0,-1.0,0.0,-1.0,0.16883447639673954,0.0
0.0,1.0,0.0,1.0,0.0,0.0,0.0,0.0,-1.0,0.0,-1.0,0.17764012516213484,0.0
0.0,1.0,0.0,1.0,0.0,0.0,0.0,0.0,-1.0,0.0,-1.0,0.18638826003450948,0.0
0.0,1.0,0.0,1.0,0.0,0.0,0.0,0.0,-1.0,0.0,-1.0,0.19505047749152135,0.0
0.0,1.0,0.0,1.0,0.0,0.0,0.0,0.0,-1.0,0.0,-1.0,0.20359879811983106,0.0
0.0,1.0,0.0,1.0,0.0,0.0,0.0,0.0,-1.0,0.0,-1.0,0.21200580798476823,0.0
0.0,1.0,0.0,1.0,0.0,0.0,0.0,0.0,-1.0,0.0,-1.0,0.22024479999999988,0.0
0.0,1.0,0.0,1.0,0.0,0.0,0.0,0.0,-1.0,0.0,-1.0,0.22828991529719758,0.0
0.0,1.0,0.0,1.0,0.0,0.0,0.0,0.0,-1.0,0.0,-1.0,0.23611628459570433,0.0
0.0,1.0,0.0,1.0,0.0,0.0,0.0,0.0,-1.0,0.0,-1.0,0.24370016957220222,0.0
0.0,1.0,0.0,1.0,0.0,0.0,0.0,0.0,-1.0,0.0,-1.0,0.25101910423038026,0.0
0.0,1.0,0.0,1.0,0.0,0.0,0.0,0.0,-1.0,0.0,-1.0,0.2580520362706014,0.0
0.0,1.0,0.0,1.0,0.0,0.0,0.0,0.0,-1.0,0.0,-1.0,0.26477946845957046,0.0
0.0,1.0,0.0,1.0,0.0,0.0,0.0,0.0,-1.0,0.0,-1.0,0.27118359999999986,0.0
0.0,1.0,0.0,1.0,0.0,0.0,0.0,0.0,-1.0,0.0,-1.0,0.27724846790027974,0.0
0.0,1.0,0.0,1.0,0.0,0.0,0.0,0.0,-1.0,0.0,-1.0,0.2829600883441422,0.0
0.0,1.0,0.0,1.0,0.0,0.0,0.0,0.0,-1.0,0.0,-1.0,0.2883065980603321,0.0
0.0,1.0,0.0,1.0,0.0,0.0,0.0,0.0,-1.0,0.0,-1.0,0.293278395692271,0.0
0.0,1.0,0.0,1.0,0.0,0.0,0.0,0.0,-1.0,0.0,-1.0,0.2978682831677277,0.0
0.0,1.0,0.0,1.0,0.0,0.0,0.0,0.0,-1.0,0.0,-1.0,0.3020716070684832,0.0
0.0,1.0,0.0,1.0,0.0,0.0,0.0,0.0,-1.0,0.0,-1.0,0.3058864000000003,0.0
0.0,1.0,0.0,1.0,0.0,0.0,0.0,0.0,-1.0,0.0,-1.0,0.3093135219610874,0.0
0.0,1.0,0.0,1.0,0.0,0.0,0.0,0.0,-1.0,0.0,-1.0,0.3123568017135717,0.0
0.0,1.0,0.0,1.0,0.0,0.0,0.0,0.0,-1.0,0.0,-1.0,0.31502317815196057,0.0
0.0,1.0,0.0,1.0,0.0,0.0,0.0,0.0,-1.0,0.0,-1.0,0.31732284167311253,0.0
0.0,1.0,0.0,1.0,0.0,0.0,0.0,0.0,-1.0,0.0,-1.0,0.3192693755459033,0.0
0.0,1.0,0.0,1.0,0.0,0.0,0.0,0.0,-1.0,0.0,-1.0,0.3208798972808954,0.0
0.0,1.0,0.0,1.0,0.0,0.0,0.0,0.0,-1.0,0.0,-1.0,0.32217520000000055,0.0
0.0,1.0,0.0,1.0,0.0,0.0,0.0,0.0,-1.0,0.0,-1.0,0.3231798938061523,0.0
0.0,1.0,0.0,1.0,0.0,0.0,0.0,0.0,-1.0,0.0,-1.0,0.32392254715297175,0.0
0.0,1.0,0.0,1.0,0.0,0.0,0.0,0.0,-1.0,0.0,-1.0,0.3244358282144343,0.0
0.0,1.0,0.0,1.0,0.0,0.0,0.0,0.0,-1.0,0.0,-1.0,0.32475664625453693,0.0
0.0,1.0,0.0,1.0,0.0,0.0,0.0,0.0,-1.0,0.0,-1.0,0.32492629299696557,0.0
0.0,1.0,0.0,1.0,0.0,0.0,0.0,0.0,-1.0,0.0,-1.0,0.32499058399476377,0.0
0.0,1.0,0.0,1.0,0.0,0.0,0.0,0.0,-1.0,0.0,-1.0,0.325,0.0
